timestamp,metric,container,pod,value
1614800865,cpu,teastore-webui,teastore-webui-b85ffcb84-cc9xv,68.50166855810076
1614800875,cpu,teastore-webui,teastore-webui-b85ffcb84-cc9xv,68.50166855810076
1614800885,cpu,teastore-webui,teastore-webui-b85ffcb84-cc9xv,64.3467153733061
1614800895,cpu,teastore-webui,teastore-webui-b85ffcb84-cc9xv,67.71918053900504
1614800905,cpu,teastore-webui,teastore-webui-b85ffcb84-cc9xv,67.71918053900504
1614800915,cpu,teastore-webui,teastore-webui-b85ffcb84-cc9xv,67.71918053900505
1614800925,cpu,teastore-webui,teastore-webui-b85ffcb84-cc9xv,67.85859768215884
1614800935,cpu,teastore-webui,teastore-webui-b85ffcb84-cc9xv,67.85859768215884
1614800945,cpu,teastore-webui,teastore-webui-b85ffcb84-cc9xv,57.88636469343756
1614800955,cpu,teastore-webui,teastore-webui-b85ffcb84-cc9xv,66.56710464798795
1614800965,cpu,teastore-webui,teastore-webui-b85ffcb84-cc9xv,66.56710464798795
1614800975,cpu,teastore-webui,teastore-webui-b85ffcb84-cc9xv,68.7676722386927
1614800985,cpu,teastore-webui,teastore-webui-b85ffcb84-cc9xv,64.95092764548089
1614800995,cpu,teastore-webui,teastore-webui-b85ffcb84-cc9xv,64.95092764548089
1614801005,cpu,teastore-webui,teastore-webui-b85ffcb84-cc9xv,60.305998138763016
1614801015,cpu,teastore-webui,teastore-webui-b85ffcb84-cc9xv,67.77367181098882
1614801025,cpu,teastore-webui,teastore-webui-b85ffcb84-cc9xv,67.77367181098882
1614801035,cpu,teastore-webui,teastore-webui-b85ffcb84-cc9xv,66.44065049641208
1614801045,cpu,teastore-webui,teastore-webui-b85ffcb84-cc9xv,61.21343231860686
1614800865,cpu,teastore-webui,teastore-webui-b85ffcb84-cjb6z,62.369846770732465
1614800875,cpu,teastore-webui,teastore-webui-b85ffcb84-cjb6z,62.36984677073245
1614800885,cpu,teastore-webui,teastore-webui-b85ffcb84-cjb6z,62.36984677073245
1614800895,cpu,teastore-webui,teastore-webui-b85ffcb84-cjb6z,59.95410719342701
1614800905,cpu,teastore-webui,teastore-webui-b85ffcb84-cjb6z,59.95410719342701
1614800915,cpu,teastore-webui,teastore-webui-b85ffcb84-cjb6z,59.95410719342701
1614800925,cpu,teastore-webui,teastore-webui-b85ffcb84-cjb6z,59.16030850544482
1614800935,cpu,teastore-webui,teastore-webui-b85ffcb84-cjb6z,59.16030850544482
1614800945,cpu,teastore-webui,teastore-webui-b85ffcb84-cjb6z,59.16030850544482
1614800955,cpu,teastore-webui,teastore-webui-b85ffcb84-cjb6z,59.166613080664234
1614800965,cpu,teastore-webui,teastore-webui-b85ffcb84-cjb6z,59.166613080664234
1614800975,cpu,teastore-webui,teastore-webui-b85ffcb84-cjb6z,59.166613080664234
1614800985,cpu,teastore-webui,teastore-webui-b85ffcb84-cjb6z,57.37083507739881
1614800995,cpu,teastore-webui,teastore-webui-b85ffcb84-cjb6z,57.37083507739881
1614801005,cpu,teastore-webui,teastore-webui-b85ffcb84-cjb6z,57.37083507739881
1614801015,cpu,teastore-webui,teastore-webui-b85ffcb84-cjb6z,58.09193095471041
1614801025,cpu,teastore-webui,teastore-webui-b85ffcb84-cjb6z,58.09193095471041
1614801035,cpu,teastore-webui,teastore-webui-b85ffcb84-cjb6z,59.298029853565346
1614801045,cpu,teastore-webui,teastore-webui-b85ffcb84-cjb6z,54.367201011141866
1614800865,cpu,teastore-webui,teastore-webui-b85ffcb84-pckws,64.8070297009165
1614800875,cpu,teastore-webui,teastore-webui-b85ffcb84-pckws,64.8070297009165
1614800885,cpu,teastore-webui,teastore-webui-b85ffcb84-pckws,61.78742690166678
1614800895,cpu,teastore-webui,teastore-webui-b85ffcb84-pckws,61.78742690166678
1614800905,cpu,teastore-webui,teastore-webui-b85ffcb84-pckws,61.78742690166678
1614800915,cpu,teastore-webui,teastore-webui-b85ffcb84-pckws,56.90570199248883
1614800925,cpu,teastore-webui,teastore-webui-b85ffcb84-pckws,61.80387497316077
1614800935,cpu,teastore-webui,teastore-webui-b85ffcb84-pckws,61.80387497316077
1614800945,cpu,teastore-webui,teastore-webui-b85ffcb84-pckws,51.81535938464613
1614800955,cpu,teastore-webui,teastore-webui-b85ffcb84-pckws,60.0102638417329
1614800965,cpu,teastore-webui,teastore-webui-b85ffcb84-pckws,60.0102638417329
1614800975,cpu,teastore-webui,teastore-webui-b85ffcb84-pckws,60.0102638417329
1614800985,cpu,teastore-webui,teastore-webui-b85ffcb84-pckws,61.5039704801856
1614800995,cpu,teastore-webui,teastore-webui-b85ffcb84-pckws,61.5039704801856
1614801005,cpu,teastore-webui,teastore-webui-b85ffcb84-pckws,59.685839528912275
1614801015,cpu,teastore-webui,teastore-webui-b85ffcb84-pckws,59.685839528912275
1614801025,cpu,teastore-webui,teastore-webui-b85ffcb84-pckws,59.685839528912275
1614801035,cpu,teastore-webui,teastore-webui-b85ffcb84-pckws,59.685839528912275
1614801045,cpu,teastore-webui,teastore-webui-b85ffcb84-pckws,56.52969871351784
1614800865,cpu,teastore-webui,teastore-webui-b85ffcb84-pl8tw,58.46766834716587
1614800875,cpu,teastore-webui,teastore-webui-b85ffcb84-pl8tw,58.46766834716587
1614800885,cpu,teastore-webui,teastore-webui-b85ffcb84-pl8tw,58.46766834716587
1614800895,cpu,teastore-webui,teastore-webui-b85ffcb84-pl8tw,57.03890971260813
1614800905,cpu,teastore-webui,teastore-webui-b85ffcb84-pl8tw,57.03890971260813
1614800915,cpu,teastore-webui,teastore-webui-b85ffcb84-pl8tw,49.692496439655066
1614800925,cpu,teastore-webui,teastore-webui-b85ffcb84-pl8tw,54.208320586078344
1614800935,cpu,teastore-webui,teastore-webui-b85ffcb84-pl8tw,54.208320586078344
1614800945,cpu,teastore-webui,teastore-webui-b85ffcb84-pl8tw,57.36168684495845
1614800955,cpu,teastore-webui,teastore-webui-b85ffcb84-pl8tw,53.24240957747127
1614800965,cpu,teastore-webui,teastore-webui-b85ffcb84-pl8tw,53.24240957747127
1614800975,cpu,teastore-webui,teastore-webui-b85ffcb84-pl8tw,49.9844177980765
1614800985,cpu,teastore-webui,teastore-webui-b85ffcb84-pl8tw,53.8420696673266
1614800995,cpu,teastore-webui,teastore-webui-b85ffcb84-pl8tw,53.8420696673266
1614801005,cpu,teastore-webui,teastore-webui-b85ffcb84-pl8tw,55.87019352935837
1614801015,cpu,teastore-webui,teastore-webui-b85ffcb84-pl8tw,52.69742319477603
1614801025,cpu,teastore-webui,teastore-webui-b85ffcb84-pl8tw,52.69742319477603
1614801035,cpu,teastore-webui,teastore-webui-b85ffcb84-pl8tw,49.37209752757525
1614801045,cpu,teastore-webui,teastore-webui-b85ffcb84-pl8tw,47.61912582077898
1614800865,cpu,teastore-webui,teastore-webui-b85ffcb84-tl8sf,12.947079590276006
1614800875,cpu,teastore-webui,teastore-webui-b85ffcb84-tl8sf,14.15973144075456
1614800885,cpu,teastore-webui,teastore-webui-b85ffcb84-tl8sf,15.372383291233113
1614800895,cpu,teastore-webui,teastore-webui-b85ffcb84-tl8sf,23.494595028939344
1614800905,cpu,teastore-webui,teastore-webui-b85ffcb84-tl8sf,25.205454753787247
1614800915,cpu,teastore-webui,teastore-webui-b85ffcb84-tl8sf,26.916314478635144
1614800925,cpu,teastore-webui,teastore-webui-b85ffcb84-tl8sf,33.98370038866999
1614800935,cpu,teastore-webui,teastore-webui-b85ffcb84-tl8sf,36.01505688511521
1614800945,cpu,teastore-webui,teastore-webui-b85ffcb84-tl8sf,38.04641338156041
1614800955,cpu,teastore-webui,teastore-webui-b85ffcb84-tl8sf,44.04814860429977
1614800965,cpu,teastore-webui,teastore-webui-b85ffcb84-tl8sf,46.28261976463593
1614800975,cpu,teastore-webui,teastore-webui-b85ffcb84-tl8sf,50.64645020229207
1614800985,cpu,teastore-webui,teastore-webui-b85ffcb84-tl8sf,52.987070091898225
1614800995,cpu,teastore-webui,teastore-webui-b85ffcb84-tl8sf,55.327689981504356
1614801005,cpu,teastore-webui,teastore-webui-b85ffcb84-tl8sf,60.85977377471329
1614801015,cpu,teastore-webui,teastore-webui-b85ffcb84-tl8sf,63.32898116723826
1614801025,cpu,teastore-webui,teastore-webui-b85ffcb84-tl8sf,65.79818855976325
1614801035,cpu,teastore-webui,teastore-webui-b85ffcb84-tl8sf,62.63264925000001
1614801045,cpu,teastore-webui,teastore-webui-b85ffcb84-tl8sf,65.97226768093624
1614800865,memory,,teastore-webui-b85ffcb84-cc9xv,63.01
1614800875,memory,,teastore-webui-b85ffcb84-cc9xv,63.01
1614800885,memory,,teastore-webui-b85ffcb84-cc9xv,63.01
1614800895,memory,,teastore-webui-b85ffcb84-cc9xv,63.01
1614800905,memory,,teastore-webui-b85ffcb84-cc9xv,63.01
1614800915,memory,,teastore-webui-b85ffcb84-cc9xv,63.01
1614800925,memory,,teastore-webui-b85ffcb84-cc9xv,63.01
1614800935,memory,,teastore-webui-b85ffcb84-cc9xv,63.01
1614800945,memory,,teastore-webui-b85ffcb84-cc9xv,63.01
1614800955,memory,,teastore-webui-b85ffcb84-cc9xv,63.03
1614800965,memory,,teastore-webui-b85ffcb84-cc9xv,63.03
1614800975,memory,,teastore-webui-b85ffcb84-cc9xv,63.54
1614800985,memory,,teastore-webui-b85ffcb84-cc9xv,63.54
1614800995,memory,,teastore-webui-b85ffcb84-cc9xv,63.54
1614801005,memory,,teastore-webui-b85ffcb84-cc9xv,64.43
1614801015,memory,,teastore-webui-b85ffcb84-cc9xv,64.43
1614801025,memory,,teastore-webui-b85ffcb84-cc9xv,64.43
1614801035,memory,,teastore-webui-b85ffcb84-cc9xv,64.43
1614801045,memory,,teastore-webui-b85ffcb84-cc9xv,64.43
1614800865,memory,,teastore-webui-b85ffcb84-cjb6z,72.38
1614800875,memory,,teastore-webui-b85ffcb84-cjb6z,72.38
1614800885,memory,,teastore-webui-b85ffcb84-cjb6z,72.38
1614800895,memory,,teastore-webui-b85ffcb84-cjb6z,72.38
1614800905,memory,,teastore-webui-b85ffcb84-cjb6z,72.38
1614800915,memory,,teastore-webui-b85ffcb84-cjb6z,72.38
1614800925,memory,,teastore-webui-b85ffcb84-cjb6z,72.38
1614800935,memory,,teastore-webui-b85ffcb84-cjb6z,72.38
1614800945,memory,,teastore-webui-b85ffcb84-cjb6z,72.38
1614800955,memory,,teastore-webui-b85ffcb84-cjb6z,72.38
1614800965,memory,,teastore-webui-b85ffcb84-cjb6z,72.38
1614800975,memory,,teastore-webui-b85ffcb84-cjb6z,72.38
1614800985,memory,,teastore-webui-b85ffcb84-cjb6z,72.38
1614800995,memory,,teastore-webui-b85ffcb84-cjb6z,72.38
1614801005,memory,,teastore-webui-b85ffcb84-cjb6z,72.38
1614801015,memory,,teastore-webui-b85ffcb84-cjb6z,72.38
1614801025,memory,,teastore-webui-b85ffcb84-cjb6z,72.38
1614801035,memory,,teastore-webui-b85ffcb84-cjb6z,72.38
1614801045,memory,,teastore-webui-b85ffcb84-cjb6z,72.38
1614800865,memory,,teastore-webui-b85ffcb84-pckws,70.82
1614800875,memory,,teastore-webui-b85ffcb84-pckws,70.82
1614800885,memory,,teastore-webui-b85ffcb84-pckws,70.82
1614800895,memory,,teastore-webui-b85ffcb84-pckws,70.82
1614800905,memory,,teastore-webui-b85ffcb84-pckws,70.82
1614800915,memory,,teastore-webui-b85ffcb84-pckws,70.82
1614800925,memory,,teastore-webui-b85ffcb84-pckws,70.82
1614800935,memory,,teastore-webui-b85ffcb84-pckws,70.82
1614800945,memory,,teastore-webui-b85ffcb84-pckws,70.82
1614800955,memory,,teastore-webui-b85ffcb84-pckws,70.82
1614800965,memory,,teastore-webui-b85ffcb84-pckws,70.82
1614800975,memory,,teastore-webui-b85ffcb84-pckws,70.82
1614800985,memory,,teastore-webui-b85ffcb84-pckws,70.82
1614800995,memory,,teastore-webui-b85ffcb84-pckws,70.82
1614801005,memory,,teastore-webui-b85ffcb84-pckws,70.82
1614801015,memory,,teastore-webui-b85ffcb84-pckws,70.82
1614801025,memory,,teastore-webui-b85ffcb84-pckws,70.82
1614801035,memory,,teastore-webui-b85ffcb84-pckws,70.82
1614801045,memory,,teastore-webui-b85ffcb84-pckws,70.82
1614800865,memory,,teastore-webui-b85ffcb84-pl8tw,81.26
1614800875,memory,,teastore-webui-b85ffcb84-pl8tw,81.26
1614800885,memory,,teastore-webui-b85ffcb84-pl8tw,81.26
1614800895,memory,,teastore-webui-b85ffcb84-pl8tw,81.26
1614800905,memory,,teastore-webui-b85ffcb84-pl8tw,81.26
1614800915,memory,,teastore-webui-b85ffcb84-pl8tw,81.26
1614800925,memory,,teastore-webui-b85ffcb84-pl8tw,81.26
1614800935,memory,,teastore-webui-b85ffcb84-pl8tw,81.26
1614800945,memory,,teastore-webui-b85ffcb84-pl8tw,81.26
1614800955,memory,,teastore-webui-b85ffcb84-pl8tw,81.26
1614800965,memory,,teastore-webui-b85ffcb84-pl8tw,81.26
1614800975,memory,,teastore-webui-b85ffcb84-pl8tw,81.26
1614800985,memory,,teastore-webui-b85ffcb84-pl8tw,81.26
1614800995,memory,,teastore-webui-b85ffcb84-pl8tw,81.26
1614801005,memory,,teastore-webui-b85ffcb84-pl8tw,81.26
1614801015,memory,,teastore-webui-b85ffcb84-pl8tw,81.26
1614801025,memory,,teastore-webui-b85ffcb84-pl8tw,81.26
1614801035,memory,,teastore-webui-b85ffcb84-pl8tw,81.26
1614801045,memory,,teastore-webui-b85ffcb84-pl8tw,81.26
1614800865,memory,,teastore-webui-b85ffcb84-tl8sf,29.02
1614800875,memory,,teastore-webui-b85ffcb84-tl8sf,29.02
1614800885,memory,,teastore-webui-b85ffcb84-tl8sf,29.02
1614800895,memory,,teastore-webui-b85ffcb84-tl8sf,39.95
1614800905,memory,,teastore-webui-b85ffcb84-tl8sf,39.95
1614800915,memory,,teastore-webui-b85ffcb84-tl8sf,39.95
1614800925,memory,,teastore-webui-b85ffcb84-tl8sf,42.44
1614800935,memory,,teastore-webui-b85ffcb84-tl8sf,42.44
1614800945,memory,,teastore-webui-b85ffcb84-tl8sf,42.44
1614800955,memory,,teastore-webui-b85ffcb84-tl8sf,48.11
1614800965,memory,,teastore-webui-b85ffcb84-tl8sf,48.11
1614800975,memory,,teastore-webui-b85ffcb84-tl8sf,50.77
1614800985,memory,,teastore-webui-b85ffcb84-tl8sf,50.77
1614800995,memory,,teastore-webui-b85ffcb84-tl8sf,50.77
1614801005,memory,,teastore-webui-b85ffcb84-tl8sf,57.16
1614801015,memory,,teastore-webui-b85ffcb84-tl8sf,57.16
1614801025,memory,,teastore-webui-b85ffcb84-tl8sf,57.16
1614801035,memory,,teastore-webui-b85ffcb84-tl8sf,57.16
1614801045,memory,,teastore-webui-b85ffcb84-tl8sf,57.16
