timestamp,metric,container,pod,value
1614771626,cpu,teastore-webui,teastore-webui-7755d8f5b8-c89xk,78.29483391132385
1614771636,cpu,teastore-webui,teastore-webui-7755d8f5b8-c89xk,68.39056408639856
1614771646,cpu,teastore-webui,teastore-webui-7755d8f5b8-c89xk,71.58417808930821
1614771656,cpu,teastore-webui,teastore-webui-7755d8f5b8-c89xk,71.58417808930821
1614771666,cpu,teastore-webui,teastore-webui-7755d8f5b8-c89xk,71.58417808930821
1614771676,cpu,teastore-webui,teastore-webui-7755d8f5b8-c89xk,73.39364395686664
1614771686,cpu,teastore-webui,teastore-webui-7755d8f5b8-c89xk,73.39364395686664
1614771696,cpu,teastore-webui,teastore-webui-7755d8f5b8-c89xk,62.6892881526468
1614771706,cpu,teastore-webui,teastore-webui-7755d8f5b8-c89xk,71.48755166378339
1614771716,cpu,teastore-webui,teastore-webui-7755d8f5b8-c89xk,71.48755166378339
1614771726,cpu,teastore-webui,teastore-webui-7755d8f5b8-c89xk,73.96092431574304
1614771736,cpu,teastore-webui,teastore-webui-7755d8f5b8-c89xk,71.36859413510007
1614771746,cpu,teastore-webui,teastore-webui-7755d8f5b8-c89xk,71.36859413510007
1614771756,cpu,teastore-webui,teastore-webui-7755d8f5b8-c89xk,66.91256379621188
1614771766,cpu,teastore-webui,teastore-webui-7755d8f5b8-c89xk,71.4836147246408
1614771776,cpu,teastore-webui,teastore-webui-7755d8f5b8-c89xk,71.4836147246408
1614771786,cpu,teastore-webui,teastore-webui-7755d8f5b8-c89xk,71.4836147246408
1614771796,cpu,teastore-webui,teastore-webui-7755d8f5b8-c89xk,71.71618568782367
1614771806,cpu,teastore-webui,teastore-webui-7755d8f5b8-c89xk,71.71618568782367
1614771626,cpu,teastore-webui,teastore-webui-7755d8f5b8-k9t7g,90.13111667868759
1614771636,cpu,teastore-webui,teastore-webui-7755d8f5b8-k9t7g,90.13111667868759
1614771646,cpu,teastore-webui,teastore-webui-7755d8f5b8-k9t7g,85.80363257290051
1614771656,cpu,teastore-webui,teastore-webui-7755d8f5b8-k9t7g,85.80363257290051
1614771666,cpu,teastore-webui,teastore-webui-7755d8f5b8-k9t7g,85.56690319786327
1614771676,cpu,teastore-webui,teastore-webui-7755d8f5b8-k9t7g,85.56690319786327
1614771686,cpu,teastore-webui,teastore-webui-7755d8f5b8-k9t7g,85.56690319786327
1614771696,cpu,teastore-webui,teastore-webui-7755d8f5b8-k9t7g,79.39181171094714
1614771706,cpu,teastore-webui,teastore-webui-7755d8f5b8-k9t7g,84.84478611452784
1614771716,cpu,teastore-webui,teastore-webui-7755d8f5b8-k9t7g,84.84478611452784
1614771726,cpu,teastore-webui,teastore-webui-7755d8f5b8-k9t7g,79.74306912546129
1614771736,cpu,teastore-webui,teastore-webui-7755d8f5b8-k9t7g,85.34025721483184
1614771746,cpu,teastore-webui,teastore-webui-7755d8f5b8-k9t7g,85.34025721483184
1614771756,cpu,teastore-webui,teastore-webui-7755d8f5b8-k9t7g,85.34025721483184
1614771766,cpu,teastore-webui,teastore-webui-7755d8f5b8-k9t7g,85.50084062159165
1614771776,cpu,teastore-webui,teastore-webui-7755d8f5b8-k9t7g,85.50084062159165
1614771786,cpu,teastore-webui,teastore-webui-7755d8f5b8-k9t7g,86.41190764194843
1614771796,cpu,teastore-webui,teastore-webui-7755d8f5b8-k9t7g,84.80727191624129
1614771806,cpu,teastore-webui,teastore-webui-7755d8f5b8-k9t7g,84.80727191624129
1614771626,cpu,teastore-webui,teastore-webui-7755d8f5b8-rlhkr,35.49135664480873
1614771636,cpu,teastore-webui,teastore-webui-7755d8f5b8-rlhkr,38.13505601575046
1614771646,cpu,teastore-webui,teastore-webui-7755d8f5b8-rlhkr,41.04003194433893
1614771656,cpu,teastore-webui,teastore-webui-7755d8f5b8-rlhkr,43.945007872927405
1614771666,cpu,teastore-webui,teastore-webui-7755d8f5b8-rlhkr,46.849983801515876
1614771676,cpu,teastore-webui,teastore-webui-7755d8f5b8-rlhkr,51.35358464832177
1614771686,cpu,teastore-webui,teastore-webui-7755d8f5b8-rlhkr,54.36276933785944
1614771696,cpu,teastore-webui,teastore-webui-7755d8f5b8-rlhkr,57.95358407061549
1614771706,cpu,teastore-webui,teastore-webui-7755d8f5b8-rlhkr,60.996310277933304
1614771716,cpu,teastore-webui,teastore-webui-7755d8f5b8-rlhkr,64.03903648525113
1614771726,cpu,teastore-webui,teastore-webui-7755d8f5b8-rlhkr,60.41258861111112
1614771736,cpu,teastore-webui,teastore-webui-7755d8f5b8-rlhkr,71.16401877052485
1614771746,cpu,teastore-webui,teastore-webui-7755d8f5b8-rlhkr,74.2554563482183
1614771756,cpu,teastore-webui,teastore-webui-7755d8f5b8-rlhkr,77.9104568862487
1614771766,cpu,teastore-webui,teastore-webui-7755d8f5b8-rlhkr,81.02603964274378
1614771776,cpu,teastore-webui,teastore-webui-7755d8f5b8-rlhkr,84.14162239923884
1614771786,cpu,teastore-webui,teastore-webui-7755d8f5b8-rlhkr,80.67084373611111
1614771796,cpu,teastore-webui,teastore-webui-7755d8f5b8-rlhkr,91.27816231023385
1614771806,cpu,teastore-webui,teastore-webui-7755d8f5b8-rlhkr,94.42685971666364
1614771626,memory,,teastore-webui-7755d8f5b8-c89xk,93.65
1614771636,memory,,teastore-webui-7755d8f5b8-c89xk,93.65
1614771646,memory,,teastore-webui-7755d8f5b8-c89xk,93.65
1614771656,memory,,teastore-webui-7755d8f5b8-c89xk,93.65
1614771666,memory,,teastore-webui-7755d8f5b8-c89xk,93.65
1614771676,memory,,teastore-webui-7755d8f5b8-c89xk,93.65
1614771686,memory,,teastore-webui-7755d8f5b8-c89xk,93.65
1614771696,memory,,teastore-webui-7755d8f5b8-c89xk,93.65
1614771706,memory,,teastore-webui-7755d8f5b8-c89xk,93.65
1614771716,memory,,teastore-webui-7755d8f5b8-c89xk,93.65
1614771726,memory,,teastore-webui-7755d8f5b8-c89xk,93.65
1614771736,memory,,teastore-webui-7755d8f5b8-c89xk,93.65
1614771746,memory,,teastore-webui-7755d8f5b8-c89xk,93.65
1614771756,memory,,teastore-webui-7755d8f5b8-c89xk,93.65
1614771766,memory,,teastore-webui-7755d8f5b8-c89xk,93.65
1614771776,memory,,teastore-webui-7755d8f5b8-c89xk,93.65
1614771786,memory,,teastore-webui-7755d8f5b8-c89xk,93.65
1614771796,memory,,teastore-webui-7755d8f5b8-c89xk,93.65
1614771806,memory,,teastore-webui-7755d8f5b8-c89xk,93.65
1614771626,memory,,teastore-webui-7755d8f5b8-k9t7g,85.48
1614771636,memory,,teastore-webui-7755d8f5b8-k9t7g,86.84
1614771646,memory,,teastore-webui-7755d8f5b8-k9t7g,86.84
1614771656,memory,,teastore-webui-7755d8f5b8-k9t7g,86.84
1614771666,memory,,teastore-webui-7755d8f5b8-k9t7g,88.17
1614771676,memory,,teastore-webui-7755d8f5b8-k9t7g,88.17
1614771686,memory,,teastore-webui-7755d8f5b8-k9t7g,88.17
1614771696,memory,,teastore-webui-7755d8f5b8-k9t7g,89.2
1614771706,memory,,teastore-webui-7755d8f5b8-k9t7g,89.2
1614771716,memory,,teastore-webui-7755d8f5b8-k9t7g,89.2
1614771726,memory,,teastore-webui-7755d8f5b8-k9t7g,90.96
1614771736,memory,,teastore-webui-7755d8f5b8-k9t7g,90.96
1614771746,memory,,teastore-webui-7755d8f5b8-k9t7g,90.96
1614771756,memory,,teastore-webui-7755d8f5b8-k9t7g,90.96
1614771766,memory,,teastore-webui-7755d8f5b8-k9t7g,93.03
1614771776,memory,,teastore-webui-7755d8f5b8-k9t7g,93.03
1614771786,memory,,teastore-webui-7755d8f5b8-k9t7g,93.88
1614771796,memory,,teastore-webui-7755d8f5b8-k9t7g,93.88
1614771806,memory,,teastore-webui-7755d8f5b8-k9t7g,93.88
1614771626,memory,,teastore-webui-7755d8f5b8-rlhkr,39.86
1614771636,memory,,teastore-webui-7755d8f5b8-rlhkr,40.75
1614771646,memory,,teastore-webui-7755d8f5b8-rlhkr,40.75
1614771656,memory,,teastore-webui-7755d8f5b8-rlhkr,40.75
1614771666,memory,,teastore-webui-7755d8f5b8-rlhkr,57.45
1614771676,memory,,teastore-webui-7755d8f5b8-rlhkr,57.45
1614771686,memory,,teastore-webui-7755d8f5b8-rlhkr,57.45
1614771696,memory,,teastore-webui-7755d8f5b8-rlhkr,59.7
1614771706,memory,,teastore-webui-7755d8f5b8-rlhkr,62.41
1614771716,memory,,teastore-webui-7755d8f5b8-rlhkr,62.41
1614771726,memory,,teastore-webui-7755d8f5b8-rlhkr,62.41
1614771736,memory,,teastore-webui-7755d8f5b8-rlhkr,69.4
1614771746,memory,,teastore-webui-7755d8f5b8-rlhkr,69.4
1614771756,memory,,teastore-webui-7755d8f5b8-rlhkr,69.4
1614771766,memory,,teastore-webui-7755d8f5b8-rlhkr,72.82
1614771776,memory,,teastore-webui-7755d8f5b8-rlhkr,72.82
1614771786,memory,,teastore-webui-7755d8f5b8-rlhkr,72.82
1614771796,memory,,teastore-webui-7755d8f5b8-rlhkr,78.45
1614771806,memory,,teastore-webui-7755d8f5b8-rlhkr,78.45
