timestamp,metric,container,pod,value
1614716026,cpu,teastore-webui,teastore-webui-7658478fd8-8k9jq,72.6683730921776
1614716036,cpu,teastore-webui,teastore-webui-7658478fd8-8k9jq,72.6683730921776
1614716046,cpu,teastore-webui,teastore-webui-7658478fd8-8k9jq,67.51921328882105
1614716056,cpu,teastore-webui,teastore-webui-7658478fd8-8k9jq,68.14144412911038
1614716066,cpu,teastore-webui,teastore-webui-7658478fd8-8k9jq,68.14144412911038
1614716076,cpu,teastore-webui,teastore-webui-7658478fd8-8k9jq,71.10098531264265
1614716086,cpu,teastore-webui,teastore-webui-7658478fd8-8k9jq,67.99783897628515
1614716096,cpu,teastore-webui,teastore-webui-7658478fd8-8k9jq,67.99783897628515
1614716106,cpu,teastore-webui,teastore-webui-7658478fd8-8k9jq,67.99783897628515
1614716116,cpu,teastore-webui,teastore-webui-7658478fd8-8k9jq,68.26546399517927
1614716126,cpu,teastore-webui,teastore-webui-7658478fd8-8k9jq,68.26546399517927
1614716136,cpu,teastore-webui,teastore-webui-7658478fd8-8k9jq,71.2315813678964
1614716146,cpu,teastore-webui,teastore-webui-7658478fd8-8k9jq,67.89399715678468
1614716156,cpu,teastore-webui,teastore-webui-7658478fd8-8k9jq,67.89399715678468
1614716166,cpu,teastore-webui,teastore-webui-7658478fd8-8k9jq,70.37514654820978
1614716176,cpu,teastore-webui,teastore-webui-7658478fd8-8k9jq,67.90825281134451
1614716186,cpu,teastore-webui,teastore-webui-7658478fd8-8k9jq,67.90825281134451
1614716196,cpu,teastore-webui,teastore-webui-7658478fd8-8k9jq,65.33817636945209
1614716206,cpu,teastore-webui,teastore-webui-7658478fd8-8k9jq,70.78932115405352
1614716216,cpu,teastore-webui,teastore-webui-7658478fd8-8k9jq,70.78932115405352
1614716226,cpu,teastore-webui,teastore-webui-7658478fd8-8k9jq,66.45475992845536
1614716236,cpu,teastore-webui,teastore-webui-7658478fd8-8k9jq,79.27185159980242
1614716246,cpu,teastore-webui,teastore-webui-7658478fd8-8k9jq,79.27185159980242
1614716256,cpu,teastore-webui,teastore-webui-7658478fd8-8k9jq,79.27185159980242
1614716266,cpu,teastore-webui,teastore-webui-7658478fd8-8k9jq,88.79260392768312
1614716276,cpu,teastore-webui,teastore-webui-7658478fd8-8k9jq,88.79260392768312
1614716286,cpu,teastore-webui,teastore-webui-7658478fd8-8k9jq,89.50898062424109
1614716296,cpu,teastore-webui,teastore-webui-7658478fd8-8k9jq,94.6054723952915
1614716306,cpu,teastore-webui,teastore-webui-7658478fd8-8k9jq,94.6054723952915
1614716316,cpu,teastore-webui,teastore-webui-7658478fd8-8k9jq,92.15540149691857
1614716326,cpu,teastore-webui,teastore-webui-7658478fd8-8k9jq,99.76795743060103
1614716026,cpu,teastore-webui,teastore-webui-7658478fd8-kg8qw,18.215324779839076
1614716036,cpu,teastore-webui,teastore-webui-7658478fd8-kg8qw,19.874675121056313
1614716046,cpu,teastore-webui,teastore-webui-7658478fd8-kg8qw,21.53402546227355
1614716056,cpu,teastore-webui,teastore-webui-7658478fd8-kg8qw,31.43127057996257
1614716066,cpu,teastore-webui,teastore-webui-7658478fd8-kg8qw,33.44167479117304
1614716076,cpu,teastore-webui,teastore-webui-7658478fd8-kg8qw,35.45207900238351
1614716086,cpu,teastore-webui,teastore-webui-7658478fd8-kg8qw,41.28288463042097
1614716096,cpu,teastore-webui,teastore-webui-7658478fd8-kg8qw,43.538789102967094
1614716106,cpu,teastore-webui,teastore-webui-7658478fd8-kg8qw,45.794693575513215
1614716116,cpu,teastore-webui,teastore-webui-7658478fd8-kg8qw,51.59713589144948
1614716126,cpu,teastore-webui,teastore-webui-7658478fd8-kg8qw,54.044107876313454
1614716136,cpu,teastore-webui,teastore-webui-7658478fd8-kg8qw,56.491079861177404
1614716146,cpu,teastore-webui,teastore-webui-7658478fd8-kg8qw,62.09559134784119
1614716156,cpu,teastore-webui,teastore-webui-7658478fd8-kg8qw,64.6890053804936
1614716166,cpu,teastore-webui,teastore-webui-7658478fd8-kg8qw,68.5301743887253
1614716176,cpu,teastore-webui,teastore-webui-7658478fd8-kg8qw,71.17654533771137
1614716186,cpu,teastore-webui,teastore-webui-7658478fd8-kg8qw,73.82291628669745
1614716196,cpu,teastore-webui,teastore-webui-7658478fd8-kg8qw,78.53542806682759
1614716206,cpu,teastore-webui,teastore-webui-7658478fd8-kg8qw,81.25958548396684
1614716216,cpu,teastore-webui,teastore-webui-7658478fd8-kg8qw,81.72472251417749
1614716226,cpu,teastore-webui,teastore-webui-7658478fd8-kg8qw,83.46073001550334
1614716236,cpu,teastore-webui,teastore-webui-7658478fd8-kg8qw,85.58502925816398
1614716246,cpu,teastore-webui,teastore-webui-7658478fd8-kg8qw,85.58502925816398
1614716256,cpu,teastore-webui,teastore-webui-7658478fd8-kg8qw,87.43196983668369
1614716266,cpu,teastore-webui,teastore-webui-7658478fd8-kg8qw,89.56060474623958
1614716276,cpu,teastore-webui,teastore-webui-7658478fd8-kg8qw,89.56060474623958
1614716286,cpu,teastore-webui,teastore-webui-7658478fd8-kg8qw,97.9381899489635
1614716296,cpu,teastore-webui,teastore-webui-7658478fd8-kg8qw,98.18477622643405
1614716306,cpu,teastore-webui,teastore-webui-7658478fd8-kg8qw,98.18477622643405
1614716316,cpu,teastore-webui,teastore-webui-7658478fd8-kg8qw,99.79688387004553
1614716326,cpu,teastore-webui,teastore-webui-7658478fd8-kg8qw,99.79479401975028
1614716026,cpu,teastore-webui,teastore-webui-7658478fd8-nk5wg,69.89595525918261
1614716036,cpu,teastore-webui,teastore-webui-7658478fd8-nk5wg,69.8959552591826
1614716046,cpu,teastore-webui,teastore-webui-7658478fd8-nk5wg,61.418922830911235
1614716056,cpu,teastore-webui,teastore-webui-7658478fd8-nk5wg,65.5265841439972
1614716066,cpu,teastore-webui,teastore-webui-7658478fd8-nk5wg,65.5265841439972
1614716076,cpu,teastore-webui,teastore-webui-7658478fd8-nk5wg,67.3801837376986
1614716086,cpu,teastore-webui,teastore-webui-7658478fd8-nk5wg,64.37076033257021
1614716096,cpu,teastore-webui,teastore-webui-7658478fd8-nk5wg,64.37076033257021
1614716106,cpu,teastore-webui,teastore-webui-7658478fd8-nk5wg,59.889745598598275
1614716116,cpu,teastore-webui,teastore-webui-7658478fd8-nk5wg,64.22237747134076
1614716126,cpu,teastore-webui,teastore-webui-7658478fd8-nk5wg,64.22237747134076
1614716136,cpu,teastore-webui,teastore-webui-7658478fd8-nk5wg,67.3553928100457
1614716146,cpu,teastore-webui,teastore-webui-7658478fd8-nk5wg,65.15640723669219
1614716156,cpu,teastore-webui,teastore-webui-7658478fd8-nk5wg,65.15640723669219
1614716166,cpu,teastore-webui,teastore-webui-7658478fd8-nk5wg,64.53181651431095
1614716176,cpu,teastore-webui,teastore-webui-7658478fd8-nk5wg,64.53181651431095
1614716186,cpu,teastore-webui,teastore-webui-7658478fd8-nk5wg,64.53181651431095
1614716196,cpu,teastore-webui,teastore-webui-7658478fd8-nk5wg,64.53181651431095
1614716206,cpu,teastore-webui,teastore-webui-7658478fd8-nk5wg,69.32099783080261
1614716216,cpu,teastore-webui,teastore-webui-7658478fd8-nk5wg,69.32099783080261
1614716226,cpu,teastore-webui,teastore-webui-7658478fd8-nk5wg,72.0430133896533
1614716236,cpu,teastore-webui,teastore-webui-7658478fd8-nk5wg,79.40774395753978
1614716246,cpu,teastore-webui,teastore-webui-7658478fd8-nk5wg,79.40774395753978
1614716256,cpu,teastore-webui,teastore-webui-7658478fd8-nk5wg,81.49590177682087
1614716266,cpu,teastore-webui,teastore-webui-7658478fd8-nk5wg,88.46220415323891
1614716276,cpu,teastore-webui,teastore-webui-7658478fd8-nk5wg,88.46220415323891
1614716286,cpu,teastore-webui,teastore-webui-7658478fd8-nk5wg,89.59368135732791
1614716296,cpu,teastore-webui,teastore-webui-7658478fd8-nk5wg,94.50385326727829
1614716306,cpu,teastore-webui,teastore-webui-7658478fd8-nk5wg,94.50385326727829
1614716316,cpu,teastore-webui,teastore-webui-7658478fd8-nk5wg,92.98908650878946
1614716326,cpu,teastore-webui,teastore-webui-7658478fd8-nk5wg,99.74112777732014
1614716026,memory,,teastore-webui-7658478fd8-8k9jq,74.52
1614716036,memory,,teastore-webui-7658478fd8-8k9jq,74.52
1614716046,memory,,teastore-webui-7658478fd8-8k9jq,74.52
1614716056,memory,,teastore-webui-7658478fd8-8k9jq,74.52
1614716066,memory,,teastore-webui-7658478fd8-8k9jq,74.52
1614716076,memory,,teastore-webui-7658478fd8-8k9jq,74.52
1614716086,memory,,teastore-webui-7658478fd8-8k9jq,74.52
1614716096,memory,,teastore-webui-7658478fd8-8k9jq,74.52
1614716106,memory,,teastore-webui-7658478fd8-8k9jq,74.52
1614716116,memory,,teastore-webui-7658478fd8-8k9jq,74.52
1614716126,memory,,teastore-webui-7658478fd8-8k9jq,74.52
1614716136,memory,,teastore-webui-7658478fd8-8k9jq,74.52
1614716146,memory,,teastore-webui-7658478fd8-8k9jq,74.52
1614716156,memory,,teastore-webui-7658478fd8-8k9jq,74.52
1614716166,memory,,teastore-webui-7658478fd8-8k9jq,74.52
1614716176,memory,,teastore-webui-7658478fd8-8k9jq,74.52
1614716186,memory,,teastore-webui-7658478fd8-8k9jq,74.52
1614716196,memory,,teastore-webui-7658478fd8-8k9jq,74.52
1614716206,memory,,teastore-webui-7658478fd8-8k9jq,74.42
1614716216,memory,,teastore-webui-7658478fd8-8k9jq,74.42
1614716226,memory,,teastore-webui-7658478fd8-8k9jq,74.42
1614716236,memory,,teastore-webui-7658478fd8-8k9jq,74.2
1614716246,memory,,teastore-webui-7658478fd8-8k9jq,74.2
1614716256,memory,,teastore-webui-7658478fd8-8k9jq,74.2
1614716266,memory,,teastore-webui-7658478fd8-8k9jq,72.64
1614716276,memory,,teastore-webui-7658478fd8-8k9jq,72.64
1614716286,memory,,teastore-webui-7658478fd8-8k9jq,72.64
1614716296,memory,,teastore-webui-7658478fd8-8k9jq,72.7
1614716306,memory,,teastore-webui-7658478fd8-8k9jq,72.7
1614716316,memory,,teastore-webui-7658478fd8-8k9jq,72.95
1614716326,memory,,teastore-webui-7658478fd8-8k9jq,72.95
1614716026,memory,,teastore-webui-7658478fd8-kg8qw,28.22
1614716036,memory,,teastore-webui-7658478fd8-kg8qw,28.22
1614716046,memory,,teastore-webui-7658478fd8-kg8qw,28.22
1614716056,memory,,teastore-webui-7658478fd8-kg8qw,40.05
1614716066,memory,,teastore-webui-7658478fd8-kg8qw,40.05
1614716076,memory,,teastore-webui-7658478fd8-kg8qw,40.05
1614716086,memory,,teastore-webui-7658478fd8-kg8qw,46.43
1614716096,memory,,teastore-webui-7658478fd8-kg8qw,46.43
1614716106,memory,,teastore-webui-7658478fd8-kg8qw,50.72
1614716116,memory,,teastore-webui-7658478fd8-kg8qw,50.72
1614716126,memory,,teastore-webui-7658478fd8-kg8qw,50.72
1614716136,memory,,teastore-webui-7658478fd8-kg8qw,53.83
1614716146,memory,,teastore-webui-7658478fd8-kg8qw,53.83
1614716156,memory,,teastore-webui-7658478fd8-kg8qw,53.83
1614716166,memory,,teastore-webui-7658478fd8-kg8qw,55.31
1614716176,memory,,teastore-webui-7658478fd8-kg8qw,61.57
1614716186,memory,,teastore-webui-7658478fd8-kg8qw,61.57
1614716196,memory,,teastore-webui-7658478fd8-kg8qw,61.57
1614716206,memory,,teastore-webui-7658478fd8-kg8qw,62.61
1614716216,memory,,teastore-webui-7658478fd8-kg8qw,62.61
1614716226,memory,,teastore-webui-7658478fd8-kg8qw,62.61
1614716236,memory,,teastore-webui-7658478fd8-kg8qw,63.29
1614716246,memory,,teastore-webui-7658478fd8-kg8qw,63.29
1614716256,memory,,teastore-webui-7658478fd8-kg8qw,63.29
1614716266,memory,,teastore-webui-7658478fd8-kg8qw,65.98
1614716276,memory,,teastore-webui-7658478fd8-kg8qw,65.98
1614716286,memory,,teastore-webui-7658478fd8-kg8qw,65.98
1614716296,memory,,teastore-webui-7658478fd8-kg8qw,66.25
1614716306,memory,,teastore-webui-7658478fd8-kg8qw,66.25
1614716316,memory,,teastore-webui-7658478fd8-kg8qw,66.25
1614716326,memory,,teastore-webui-7658478fd8-kg8qw,66.25
1614716026,memory,,teastore-webui-7658478fd8-nk5wg,92.07
1614716036,memory,,teastore-webui-7658478fd8-nk5wg,92.07
1614716046,memory,,teastore-webui-7658478fd8-nk5wg,92.07
1614716056,memory,,teastore-webui-7658478fd8-nk5wg,92.07
1614716066,memory,,teastore-webui-7658478fd8-nk5wg,92.07
1614716076,memory,,teastore-webui-7658478fd8-nk5wg,92.07
1614716086,memory,,teastore-webui-7658478fd8-nk5wg,92.07
1614716096,memory,,teastore-webui-7658478fd8-nk5wg,92.07
1614716106,memory,,teastore-webui-7658478fd8-nk5wg,92.07
1614716116,memory,,teastore-webui-7658478fd8-nk5wg,92.07
1614716126,memory,,teastore-webui-7658478fd8-nk5wg,92.07
1614716136,memory,,teastore-webui-7658478fd8-nk5wg,92.07
1614716146,memory,,teastore-webui-7658478fd8-nk5wg,92.07
1614716156,memory,,teastore-webui-7658478fd8-nk5wg,92.07
1614716166,memory,,teastore-webui-7658478fd8-nk5wg,92.07
1614716176,memory,,teastore-webui-7658478fd8-nk5wg,92.07
1614716186,memory,,teastore-webui-7658478fd8-nk5wg,92.07
1614716196,memory,,teastore-webui-7658478fd8-nk5wg,92.07
1614716206,memory,,teastore-webui-7658478fd8-nk5wg,92.07
1614716216,memory,,teastore-webui-7658478fd8-nk5wg,92.07
1614716226,memory,,teastore-webui-7658478fd8-nk5wg,91.85
1614716236,memory,,teastore-webui-7658478fd8-nk5wg,91.85
1614716246,memory,,teastore-webui-7658478fd8-nk5wg,91.85
1614716256,memory,,teastore-webui-7658478fd8-nk5wg,91.85
1614716266,memory,,teastore-webui-7658478fd8-nk5wg,90.41
1614716276,memory,,teastore-webui-7658478fd8-nk5wg,90.41
1614716286,memory,,teastore-webui-7658478fd8-nk5wg,90.43
1614716296,memory,,teastore-webui-7658478fd8-nk5wg,90.43
1614716306,memory,,teastore-webui-7658478fd8-nk5wg,90.43
1614716316,memory,,teastore-webui-7658478fd8-nk5wg,90.43
1614716326,memory,,teastore-webui-7658478fd8-nk5wg,90.43
