timestamp,metric,container,pod,value
1614719819,cpu,teastore-webui,teastore-webui-7d5fd46b7b-799wm,72.31391268936329
1614719829,cpu,teastore-webui,teastore-webui-7d5fd46b7b-799wm,73.87768539416736
1614719839,cpu,teastore-webui,teastore-webui-7d5fd46b7b-799wm,74.49179977762854
1614719849,cpu,teastore-webui,teastore-webui-7d5fd46b7b-799wm,74.49179977762854
1614719859,cpu,teastore-webui,teastore-webui-7d5fd46b7b-799wm,71.48811691495276
1614719869,cpu,teastore-webui,teastore-webui-7d5fd46b7b-799wm,74.71805832267965
1614719879,cpu,teastore-webui,teastore-webui-7d5fd46b7b-799wm,76.12357935054388
1614719889,cpu,teastore-webui,teastore-webui-7d5fd46b7b-799wm,74.44434810556712
1614719899,cpu,teastore-webui,teastore-webui-7d5fd46b7b-799wm,74.44434810556712
1614719909,cpu,teastore-webui,teastore-webui-7d5fd46b7b-799wm,71.28698878757653
1614719919,cpu,teastore-webui,teastore-webui-7d5fd46b7b-799wm,75.21763990658418
1614719929,cpu,teastore-webui,teastore-webui-7d5fd46b7b-799wm,75.21763990658418
1614719939,cpu,teastore-webui,teastore-webui-7d5fd46b7b-799wm,72.16827175740661
1614719949,cpu,teastore-webui,teastore-webui-7d5fd46b7b-799wm,72.16827175740661
1614719959,cpu,teastore-webui,teastore-webui-7d5fd46b7b-799wm,75.59911004430451
1614719969,cpu,teastore-webui,teastore-webui-7d5fd46b7b-799wm,67.56778235596327
1614719979,cpu,teastore-webui,teastore-webui-7d5fd46b7b-799wm,73.90863399836307
1614719989,cpu,teastore-webui,teastore-webui-7d5fd46b7b-799wm,73.90863399836307
1614719999,cpu,teastore-webui,teastore-webui-7d5fd46b7b-799wm,73.90863399836307
1614720009,cpu,teastore-webui,teastore-webui-7d5fd46b7b-799wm,75.03743961083018
1614720019,cpu,teastore-webui,teastore-webui-7d5fd46b7b-799wm,75.03743961083018
1614720029,cpu,teastore-webui,teastore-webui-7d5fd46b7b-799wm,75.03743961083018
1614720039,cpu,teastore-webui,teastore-webui-7d5fd46b7b-799wm,83.77186491745813
1614720049,cpu,teastore-webui,teastore-webui-7d5fd46b7b-799wm,83.77186491745813
1614720059,cpu,teastore-webui,teastore-webui-7d5fd46b7b-799wm,83.77186491745813
1614720069,cpu,teastore-webui,teastore-webui-7d5fd46b7b-799wm,92.62230439526475
1614720079,cpu,teastore-webui,teastore-webui-7d5fd46b7b-799wm,92.62230439526475
1614720089,cpu,teastore-webui,teastore-webui-7d5fd46b7b-799wm,92.62230439526475
1614720099,cpu,teastore-webui,teastore-webui-7d5fd46b7b-799wm,99.79031846015957
1614720109,cpu,teastore-webui,teastore-webui-7d5fd46b7b-799wm,99.79031846015957
1614720119,cpu,teastore-webui,teastore-webui-7d5fd46b7b-799wm,99.79031846015957
1614719819,cpu,teastore-webui,teastore-webui-7d5fd46b7b-pskm8,22.492033834793148
1614719829,cpu,teastore-webui,teastore-webui-7d5fd46b7b-pskm8,24.389038797523245
1614719839,cpu,teastore-webui,teastore-webui-7d5fd46b7b-pskm8,26.78769310654785
1614719849,cpu,teastore-webui,teastore-webui-7d5fd46b7b-pskm8,28.72096878198912
1614719859,cpu,teastore-webui,teastore-webui-7d5fd46b7b-pskm8,30.65424445743039
1614719869,cpu,teastore-webui,teastore-webui-7d5fd46b7b-pskm8,36.41271161794114
1614719879,cpu,teastore-webui,teastore-webui-7d5fd46b7b-pskm8,38.5732619453618
1614719889,cpu,teastore-webui,teastore-webui-7d5fd46b7b-pskm8,44.01560174715352
1614719899,cpu,teastore-webui,teastore-webui-7d5fd46b7b-pskm8,46.350430751116804
1614719909,cpu,teastore-webui,teastore-webui-7d5fd46b7b-pskm8,48.68525975508008
1614719919,cpu,teastore-webui,teastore-webui-7d5fd46b7b-pskm8,53.84483335644962
1614719929,cpu,teastore-webui,teastore-webui-7d5fd46b7b-pskm8,56.30905558176662
1614719939,cpu,teastore-webui,teastore-webui-7d5fd46b7b-pskm8,58.77327780708359
1614719949,cpu,teastore-webui,teastore-webui-7d5fd46b7b-pskm8,61.23750003240057
1614719959,cpu,teastore-webui,teastore-webui-7d5fd46b7b-pskm8,66.96668169791037
1614719969,cpu,teastore-webui,teastore-webui-7d5fd46b7b-pskm8,70.55800292916611
1614719979,cpu,teastore-webui,teastore-webui-7d5fd46b7b-pskm8,73.18592041573724
1614719989,cpu,teastore-webui,teastore-webui-7d5fd46b7b-pskm8,75.81383790230835
1614719999,cpu,teastore-webui,teastore-webui-7d5fd46b7b-pskm8,73.77502651851852
1614720009,cpu,teastore-webui,teastore-webui-7d5fd46b7b-pskm8,69.91152939345002
1614720019,cpu,teastore-webui,teastore-webui-7d5fd46b7b-pskm8,81.08391971608363
1614720029,cpu,teastore-webui,teastore-webui-7d5fd46b7b-pskm8,81.08391971608363
1614720039,cpu,teastore-webui,teastore-webui-7d5fd46b7b-pskm8,85.66353126238407
1614720049,cpu,teastore-webui,teastore-webui-7d5fd46b7b-pskm8,87.09775148973627
1614720059,cpu,teastore-webui,teastore-webui-7d5fd46b7b-pskm8,87.09775148973627
1614720069,cpu,teastore-webui,teastore-webui-7d5fd46b7b-pskm8,89.1961814382107
1614720079,cpu,teastore-webui,teastore-webui-7d5fd46b7b-pskm8,95.05106288094677
1614720089,cpu,teastore-webui,teastore-webui-7d5fd46b7b-pskm8,95.05106288094677
1614720099,cpu,teastore-webui,teastore-webui-7d5fd46b7b-pskm8,95.58852434692888
1614720109,cpu,teastore-webui,teastore-webui-7d5fd46b7b-pskm8,99.804277896594
1614720119,cpu,teastore-webui,teastore-webui-7d5fd46b7b-pskm8,99.804277896594
1614719819,memory,,teastore-webui-7d5fd46b7b-799wm,100.49
1614719829,memory,,teastore-webui-7d5fd46b7b-799wm,100.49
1614719839,memory,,teastore-webui-7d5fd46b7b-799wm,100.49
1614719849,memory,,teastore-webui-7d5fd46b7b-799wm,100.49
1614719859,memory,,teastore-webui-7d5fd46b7b-799wm,100.49
1614719869,memory,,teastore-webui-7d5fd46b7b-799wm,100.49
1614719879,memory,,teastore-webui-7d5fd46b7b-799wm,100.49
1614719889,memory,,teastore-webui-7d5fd46b7b-799wm,100.49
1614719899,memory,,teastore-webui-7d5fd46b7b-799wm,100.49
1614719909,memory,,teastore-webui-7d5fd46b7b-799wm,100.49
1614719919,memory,,teastore-webui-7d5fd46b7b-799wm,100.49
1614719929,memory,,teastore-webui-7d5fd46b7b-799wm,100.49
1614719939,memory,,teastore-webui-7d5fd46b7b-799wm,100.49
1614719949,memory,,teastore-webui-7d5fd46b7b-799wm,100.49
1614719959,memory,,teastore-webui-7d5fd46b7b-799wm,100.49
1614719969,memory,,teastore-webui-7d5fd46b7b-799wm,100.49
1614719979,memory,,teastore-webui-7d5fd46b7b-799wm,100.49
1614719989,memory,,teastore-webui-7d5fd46b7b-799wm,100.49
1614719999,memory,,teastore-webui-7d5fd46b7b-799wm,100.49
1614720009,memory,,teastore-webui-7d5fd46b7b-799wm,100.49
1614720019,memory,,teastore-webui-7d5fd46b7b-799wm,100.49
1614720029,memory,,teastore-webui-7d5fd46b7b-799wm,100.49
1614720039,memory,,teastore-webui-7d5fd46b7b-799wm,99.49
1614720049,memory,,teastore-webui-7d5fd46b7b-799wm,99.49
1614720059,memory,,teastore-webui-7d5fd46b7b-799wm,99.49
1614720069,memory,,teastore-webui-7d5fd46b7b-799wm,99.44
1614720079,memory,,teastore-webui-7d5fd46b7b-799wm,99.44
1614720089,memory,,teastore-webui-7d5fd46b7b-799wm,99.44
1614720099,memory,,teastore-webui-7d5fd46b7b-799wm,99.57
1614720109,memory,,teastore-webui-7d5fd46b7b-799wm,99.57
1614720119,memory,,teastore-webui-7d5fd46b7b-799wm,99.57
1614719819,memory,,teastore-webui-7d5fd46b7b-pskm8,35.55
1614719829,memory,,teastore-webui-7d5fd46b7b-pskm8,36.8
1614719839,memory,,teastore-webui-7d5fd46b7b-pskm8,47.79
1614719849,memory,,teastore-webui-7d5fd46b7b-pskm8,47.79
1614719859,memory,,teastore-webui-7d5fd46b7b-pskm8,47.79
1614719869,memory,,teastore-webui-7d5fd46b7b-pskm8,58.88
1614719879,memory,,teastore-webui-7d5fd46b7b-pskm8,58.88
1614719889,memory,,teastore-webui-7d5fd46b7b-pskm8,70.7
1614719899,memory,,teastore-webui-7d5fd46b7b-pskm8,70.7
1614719909,memory,,teastore-webui-7d5fd46b7b-pskm8,70.7
1614719919,memory,,teastore-webui-7d5fd46b7b-pskm8,76.74
1614719929,memory,,teastore-webui-7d5fd46b7b-pskm8,76.74
1614719939,memory,,teastore-webui-7d5fd46b7b-pskm8,76.74
1614719949,memory,,teastore-webui-7d5fd46b7b-pskm8,76.74
1614719959,memory,,teastore-webui-7d5fd46b7b-pskm8,83.47
1614719969,memory,,teastore-webui-7d5fd46b7b-pskm8,83.47
1614719979,memory,,teastore-webui-7d5fd46b7b-pskm8,83.47
1614719989,memory,,teastore-webui-7d5fd46b7b-pskm8,85.52
1614719999,memory,,teastore-webui-7d5fd46b7b-pskm8,85.52
1614720009,memory,,teastore-webui-7d5fd46b7b-pskm8,85.52
1614720019,memory,,teastore-webui-7d5fd46b7b-pskm8,89.71
1614720029,memory,,teastore-webui-7d5fd46b7b-pskm8,89.71
1614720039,memory,,teastore-webui-7d5fd46b7b-pskm8,91.32
1614720049,memory,,teastore-webui-7d5fd46b7b-pskm8,91.32
1614720059,memory,,teastore-webui-7d5fd46b7b-pskm8,91.32
1614720069,memory,,teastore-webui-7d5fd46b7b-pskm8,91.32
1614720079,memory,,teastore-webui-7d5fd46b7b-pskm8,92.54
1614720089,memory,,teastore-webui-7d5fd46b7b-pskm8,92.54
1614720099,memory,,teastore-webui-7d5fd46b7b-pskm8,92.54
1614720109,memory,,teastore-webui-7d5fd46b7b-pskm8,92.54
1614720119,memory,,teastore-webui-7d5fd46b7b-pskm8,92.54
