timestamp,metric,container,pod,value
1614837572,cpu,teastore-webui,teastore-webui-6c96557b68-5s72n,72.36662106324559
1614837582,cpu,teastore-webui,teastore-webui-6c96557b68-5s72n,68.1179685916498
1614837592,cpu,teastore-webui,teastore-webui-6c96557b68-5s72n,65.808351406906
1614837602,cpu,teastore-webui,teastore-webui-6c96557b68-5s72n,65.808351406906
1614837612,cpu,teastore-webui,teastore-webui-6c96557b68-5s72n,68.04783375497426
1614837622,cpu,teastore-webui,teastore-webui-6c96557b68-5s72n,65.77900799960558
1614837632,cpu,teastore-webui,teastore-webui-6c96557b68-5s72n,65.40263715408318
1614837642,cpu,teastore-webui,teastore-webui-6c96557b68-5s72n,65.40263715408318
1614837652,cpu,teastore-webui,teastore-webui-6c96557b68-5s72n,65.40263715408318
1614837662,cpu,teastore-webui,teastore-webui-6c96557b68-5s72n,68.79071603039878
1614837672,cpu,teastore-webui,teastore-webui-6c96557b68-5s72n,60.20167154273981
1614837682,cpu,teastore-webui,teastore-webui-6c96557b68-5s72n,63.97954520654717
1614837692,cpu,teastore-webui,teastore-webui-6c96557b68-5s72n,60.316834724111615
1614837702,cpu,teastore-webui,teastore-webui-6c96557b68-5s72n,68.26634948502274
1614837712,cpu,teastore-webui,teastore-webui-6c96557b68-5s72n,65.29368126329656
1614837722,cpu,teastore-webui,teastore-webui-6c96557b68-5s72n,65.29368126329656
1614837732,cpu,teastore-webui,teastore-webui-6c96557b68-5s72n,65.4249912371629
1614837742,cpu,teastore-webui,teastore-webui-6c96557b68-5s72n,65.4249912371629
1614837752,cpu,teastore-webui,teastore-webui-6c96557b68-5s72n,65.4249912371629
1614837572,cpu,teastore-webui,teastore-webui-6c96557b68-qczkf,65.56517003689822
1614837582,cpu,teastore-webui,teastore-webui-6c96557b68-qczkf,56.64891276635385
1614837592,cpu,teastore-webui,teastore-webui-6c96557b68-qczkf,56.64891276635385
1614837602,cpu,teastore-webui,teastore-webui-6c96557b68-qczkf,56.64891276635385
1614837612,cpu,teastore-webui,teastore-webui-6c96557b68-qczkf,54.671071261868896
1614837622,cpu,teastore-webui,teastore-webui-6c96557b68-qczkf,54.671071261868896
1614837632,cpu,teastore-webui,teastore-webui-6c96557b68-qczkf,54.671071261868896
1614837642,cpu,teastore-webui,teastore-webui-6c96557b68-qczkf,53.5243677089575
1614837652,cpu,teastore-webui,teastore-webui-6c96557b68-qczkf,53.5243677089575
1614837662,cpu,teastore-webui,teastore-webui-6c96557b68-qczkf,53.5243677089575
1614837672,cpu,teastore-webui,teastore-webui-6c96557b68-qczkf,51.253880492145065
1614837682,cpu,teastore-webui,teastore-webui-6c96557b68-qczkf,51.253880492145065
1614837692,cpu,teastore-webui,teastore-webui-6c96557b68-qczkf,51.253880492145065
1614837702,cpu,teastore-webui,teastore-webui-6c96557b68-qczkf,47.451279166758034
1614837712,cpu,teastore-webui,teastore-webui-6c96557b68-qczkf,50.92805733041199
1614837722,cpu,teastore-webui,teastore-webui-6c96557b68-qczkf,50.92805733041199
1614837732,cpu,teastore-webui,teastore-webui-6c96557b68-qczkf,48.10375670098816
1614837742,cpu,teastore-webui,teastore-webui-6c96557b68-qczkf,52.434263766458365
1614837752,cpu,teastore-webui,teastore-webui-6c96557b68-qczkf,53.92129926992496
1614837572,cpu,teastore-webui,teastore-webui-6c96557b68-vd2rz,65.97234836410902
1614837582,cpu,teastore-webui,teastore-webui-6c96557b68-vd2rz,57.62462940686478
1614837592,cpu,teastore-webui,teastore-webui-6c96557b68-vd2rz,57.62462940686478
1614837602,cpu,teastore-webui,teastore-webui-6c96557b68-vd2rz,57.62462940686478
1614837612,cpu,teastore-webui,teastore-webui-6c96557b68-vd2rz,57.19797192079871
1614837622,cpu,teastore-webui,teastore-webui-6c96557b68-vd2rz,57.19797192079871
1614837632,cpu,teastore-webui,teastore-webui-6c96557b68-vd2rz,57.19797192079871
1614837642,cpu,teastore-webui,teastore-webui-6c96557b68-vd2rz,56.08569132033306
1614837652,cpu,teastore-webui,teastore-webui-6c96557b68-vd2rz,56.08569132033306
1614837662,cpu,teastore-webui,teastore-webui-6c96557b68-vd2rz,56.08569132033306
1614837672,cpu,teastore-webui,teastore-webui-6c96557b68-vd2rz,49.63178845630544
1614837682,cpu,teastore-webui,teastore-webui-6c96557b68-vd2rz,58.32500430488851
1614837692,cpu,teastore-webui,teastore-webui-6c96557b68-vd2rz,52.33779319087145
1614837702,cpu,teastore-webui,teastore-webui-6c96557b68-vd2rz,52.33779319087145
1614837712,cpu,teastore-webui,teastore-webui-6c96557b68-vd2rz,55.94219923645911
1614837722,cpu,teastore-webui,teastore-webui-6c96557b68-vd2rz,57.83442147017386
1614837732,cpu,teastore-webui,teastore-webui-6c96557b68-vd2rz,53.5610904791289
1614837742,cpu,teastore-webui,teastore-webui-6c96557b68-vd2rz,53.5610904791289
1614837752,cpu,teastore-webui,teastore-webui-6c96557b68-vd2rz,53.5610904791289
1614837572,cpu,teastore-webui,teastore-webui-6c96557b68-vpn9m,55.154902430969834
1614837582,cpu,teastore-webui,teastore-webui-6c96557b68-vpn9m,60.60624321030439
1614837592,cpu,teastore-webui,teastore-webui-6c96557b68-vpn9m,60.60624321030439
1614837602,cpu,teastore-webui,teastore-webui-6c96557b68-vpn9m,64.61620613745738
1614837612,cpu,teastore-webui,teastore-webui-6c96557b68-vpn9m,64.61620613745738
1614837622,cpu,teastore-webui,teastore-webui-6c96557b68-vpn9m,62.43938887474588
1614837632,cpu,teastore-webui,teastore-webui-6c96557b68-vpn9m,57.82895666304626
1614837642,cpu,teastore-webui,teastore-webui-6c96557b68-vpn9m,52.880846081571306
1614837652,cpu,teastore-webui,teastore-webui-6c96557b68-vpn9m,63.93561254461043
1614837662,cpu,teastore-webui,teastore-webui-6c96557b68-vpn9m,59.73905240751135
1614837672,cpu,teastore-webui,teastore-webui-6c96557b68-vpn9m,59.73905240751135
1614837682,cpu,teastore-webui,teastore-webui-6c96557b68-vpn9m,63.1050785229202
1614837692,cpu,teastore-webui,teastore-webui-6c96557b68-vpn9m,58.496152932448354
1614837702,cpu,teastore-webui,teastore-webui-6c96557b68-vpn9m,61.14084979342179
1614837712,cpu,teastore-webui,teastore-webui-6c96557b68-vpn9m,61.14084979342179
1614837722,cpu,teastore-webui,teastore-webui-6c96557b68-vpn9m,59.54701345591927
1614837732,cpu,teastore-webui,teastore-webui-6c96557b68-vpn9m,59.54701345591927
1614837742,cpu,teastore-webui,teastore-webui-6c96557b68-vpn9m,59.54701345591927
1614837752,cpu,teastore-webui,teastore-webui-6c96557b68-vpn9m,62.82791176437724
1614837572,cpu,teastore-webui,teastore-webui-6c96557b68-vr9sc,22.802109504821136
1614837582,cpu,teastore-webui,teastore-webui-6c96557b68-vr9sc,24.75024797349265
1614837592,cpu,teastore-webui,teastore-webui-6c96557b68-vr9sc,26.169717213802212
1614837602,cpu,teastore-webui,teastore-webui-6c96557b68-vr9sc,30.384985254117314
1614837612,cpu,teastore-webui,teastore-webui-6c96557b68-vr9sc,32.45158295738786
1614837622,cpu,teastore-webui,teastore-webui-6c96557b68-vr9sc,34.51818066065842
1614837632,cpu,teastore-webui,teastore-webui-6c96557b68-vr9sc,32.90613112222222
1614837642,cpu,teastore-webui,teastore-webui-6c96557b68-vr9sc,43.43590813763465
1614837652,cpu,teastore-webui,teastore-webui-6c96557b68-vr9sc,45.758697452978446
1614837662,cpu,teastore-webui,teastore-webui-6c96557b68-vr9sc,48.08148676832224
1614837672,cpu,teastore-webui,teastore-webui-6c96557b68-vr9sc,53.44731387573031
1614837682,cpu,teastore-webui,teastore-webui-6c96557b68-vr9sc,55.910493205286606
1614837692,cpu,teastore-webui,teastore-webui-6c96557b68-vr9sc,58.37367253484289
1614837702,cpu,teastore-webui,teastore-webui-6c96557b68-vr9sc,63.844393670428744
1614837712,cpu,teastore-webui,teastore-webui-6c96557b68-vr9sc,66.42945622900601
1614837722,cpu,teastore-webui,teastore-webui-6c96557b68-vr9sc,70.50491107574241
1614837732,cpu,teastore-webui,teastore-webui-6c96557b68-vr9sc,73.14584462834264
1614837742,cpu,teastore-webui,teastore-webui-6c96557b68-vr9sc,75.78677818094285
1614837752,cpu,teastore-webui,teastore-webui-6c96557b68-vr9sc,78.42771173354306
1614837572,memory,,teastore-webui-6c96557b68-5s72n,66.24
1614837582,memory,,teastore-webui-6c96557b68-5s72n,66.24
1614837592,memory,,teastore-webui-6c96557b68-5s72n,66.24
1614837602,memory,,teastore-webui-6c96557b68-5s72n,66.24
1614837612,memory,,teastore-webui-6c96557b68-5s72n,66.24
1614837622,memory,,teastore-webui-6c96557b68-5s72n,66.24
1614837632,memory,,teastore-webui-6c96557b68-5s72n,66.24
1614837642,memory,,teastore-webui-6c96557b68-5s72n,66.24
1614837652,memory,,teastore-webui-6c96557b68-5s72n,66.24
1614837662,memory,,teastore-webui-6c96557b68-5s72n,66.24
1614837672,memory,,teastore-webui-6c96557b68-5s72n,66.24
1614837682,memory,,teastore-webui-6c96557b68-5s72n,66.24
1614837692,memory,,teastore-webui-6c96557b68-5s72n,66.24
1614837702,memory,,teastore-webui-6c96557b68-5s72n,66.28
1614837712,memory,,teastore-webui-6c96557b68-5s72n,66.28
1614837722,memory,,teastore-webui-6c96557b68-5s72n,66.28
1614837732,memory,,teastore-webui-6c96557b68-5s72n,67.44
1614837742,memory,,teastore-webui-6c96557b68-5s72n,67.44
1614837752,memory,,teastore-webui-6c96557b68-5s72n,67.44
1614837572,memory,,teastore-webui-6c96557b68-qczkf,78.48
1614837582,memory,,teastore-webui-6c96557b68-qczkf,78.48
1614837592,memory,,teastore-webui-6c96557b68-qczkf,78.48
1614837602,memory,,teastore-webui-6c96557b68-qczkf,78.48
1614837612,memory,,teastore-webui-6c96557b68-qczkf,78.48
1614837622,memory,,teastore-webui-6c96557b68-qczkf,78.48
1614837632,memory,,teastore-webui-6c96557b68-qczkf,78.48
1614837642,memory,,teastore-webui-6c96557b68-qczkf,78.48
1614837652,memory,,teastore-webui-6c96557b68-qczkf,78.48
1614837662,memory,,teastore-webui-6c96557b68-qczkf,78.48
1614837672,memory,,teastore-webui-6c96557b68-qczkf,78.48
1614837682,memory,,teastore-webui-6c96557b68-qczkf,78.48
1614837692,memory,,teastore-webui-6c96557b68-qczkf,78.48
1614837702,memory,,teastore-webui-6c96557b68-qczkf,78.48
1614837712,memory,,teastore-webui-6c96557b68-qczkf,78.48
1614837722,memory,,teastore-webui-6c96557b68-qczkf,78.48
1614837732,memory,,teastore-webui-6c96557b68-qczkf,78.48
1614837742,memory,,teastore-webui-6c96557b68-qczkf,78.48
1614837752,memory,,teastore-webui-6c96557b68-qczkf,78.48
1614837572,memory,,teastore-webui-6c96557b68-vd2rz,83.67
1614837582,memory,,teastore-webui-6c96557b68-vd2rz,83.67
1614837592,memory,,teastore-webui-6c96557b68-vd2rz,83.67
1614837602,memory,,teastore-webui-6c96557b68-vd2rz,83.67
1614837612,memory,,teastore-webui-6c96557b68-vd2rz,83.67
1614837622,memory,,teastore-webui-6c96557b68-vd2rz,83.67
1614837632,memory,,teastore-webui-6c96557b68-vd2rz,83.67
1614837642,memory,,teastore-webui-6c96557b68-vd2rz,83.67
1614837652,memory,,teastore-webui-6c96557b68-vd2rz,83.67
1614837662,memory,,teastore-webui-6c96557b68-vd2rz,83.67
1614837672,memory,,teastore-webui-6c96557b68-vd2rz,83.67
1614837682,memory,,teastore-webui-6c96557b68-vd2rz,83.67
1614837692,memory,,teastore-webui-6c96557b68-vd2rz,83.67
1614837702,memory,,teastore-webui-6c96557b68-vd2rz,83.67
1614837712,memory,,teastore-webui-6c96557b68-vd2rz,83.67
1614837722,memory,,teastore-webui-6c96557b68-vd2rz,83.67
1614837732,memory,,teastore-webui-6c96557b68-vd2rz,83.67
1614837742,memory,,teastore-webui-6c96557b68-vd2rz,83.67
1614837752,memory,,teastore-webui-6c96557b68-vd2rz,83.67
1614837572,memory,,teastore-webui-6c96557b68-vpn9m,71.45
1614837582,memory,,teastore-webui-6c96557b68-vpn9m,71.45
1614837592,memory,,teastore-webui-6c96557b68-vpn9m,71.45
1614837602,memory,,teastore-webui-6c96557b68-vpn9m,71.45
1614837612,memory,,teastore-webui-6c96557b68-vpn9m,71.45
1614837622,memory,,teastore-webui-6c96557b68-vpn9m,71.45
1614837632,memory,,teastore-webui-6c96557b68-vpn9m,71.45
1614837642,memory,,teastore-webui-6c96557b68-vpn9m,71.45
1614837652,memory,,teastore-webui-6c96557b68-vpn9m,71.45
1614837662,memory,,teastore-webui-6c96557b68-vpn9m,71.45
1614837672,memory,,teastore-webui-6c96557b68-vpn9m,71.45
1614837682,memory,,teastore-webui-6c96557b68-vpn9m,71.45
1614837692,memory,,teastore-webui-6c96557b68-vpn9m,71.45
1614837702,memory,,teastore-webui-6c96557b68-vpn9m,71.45
1614837712,memory,,teastore-webui-6c96557b68-vpn9m,71.45
1614837722,memory,,teastore-webui-6c96557b68-vpn9m,71.45
1614837732,memory,,teastore-webui-6c96557b68-vpn9m,71.45
1614837742,memory,,teastore-webui-6c96557b68-vpn9m,71.45
1614837752,memory,,teastore-webui-6c96557b68-vpn9m,71.45
1614837572,memory,,teastore-webui-6c96557b68-vr9sc,30.36
1614837582,memory,,teastore-webui-6c96557b68-vr9sc,35.96
1614837592,memory,,teastore-webui-6c96557b68-vr9sc,37.51
1614837602,memory,,teastore-webui-6c96557b68-vr9sc,42.79
1614837612,memory,,teastore-webui-6c96557b68-vr9sc,44.16
1614837622,memory,,teastore-webui-6c96557b68-vr9sc,44.16
1614837632,memory,,teastore-webui-6c96557b68-vr9sc,44.16
1614837642,memory,,teastore-webui-6c96557b68-vr9sc,52.97
1614837652,memory,,teastore-webui-6c96557b68-vr9sc,52.97
1614837662,memory,,teastore-webui-6c96557b68-vr9sc,52.97
1614837672,memory,,teastore-webui-6c96557b68-vr9sc,55.3
1614837682,memory,,teastore-webui-6c96557b68-vr9sc,55.3
1614837692,memory,,teastore-webui-6c96557b68-vr9sc,55.3
1614837702,memory,,teastore-webui-6c96557b68-vr9sc,60.32
1614837712,memory,,teastore-webui-6c96557b68-vr9sc,60.32
1614837722,memory,,teastore-webui-6c96557b68-vr9sc,60.36
1614837732,memory,,teastore-webui-6c96557b68-vr9sc,60.36
1614837742,memory,,teastore-webui-6c96557b68-vr9sc,64
1614837752,memory,,teastore-webui-6c96557b68-vr9sc,64
