timestamp,metric,container,pod,value
1614835463,cpu,teastore-webui,teastore-webui-859787c7c7-nppvr,69.86896264277594
1614835473,cpu,teastore-webui,teastore-webui-859787c7c7-nppvr,69.28541990827942
1614835483,cpu,teastore-webui,teastore-webui-859787c7c7-nppvr,66.61991034772716
1614835493,cpu,teastore-webui,teastore-webui-859787c7c7-nppvr,66.61991034772716
1614835503,cpu,teastore-webui,teastore-webui-859787c7c7-nppvr,66.61991034772716
1614835513,cpu,teastore-webui,teastore-webui-859787c7c7-nppvr,67.30857895571594
1614835523,cpu,teastore-webui,teastore-webui-859787c7c7-nppvr,67.30857895571594
1614835533,cpu,teastore-webui,teastore-webui-859787c7c7-nppvr,62.98618598105462
1614835543,cpu,teastore-webui,teastore-webui-859787c7c7-nppvr,67.39980828132904
1614835553,cpu,teastore-webui,teastore-webui-859787c7c7-nppvr,67.39980828132904
1614835563,cpu,teastore-webui,teastore-webui-859787c7c7-nppvr,67.39980828132904
1614835573,cpu,teastore-webui,teastore-webui-859787c7c7-nppvr,66.44372878956642
1614835583,cpu,teastore-webui,teastore-webui-859787c7c7-nppvr,66.44372878956642
1614835593,cpu,teastore-webui,teastore-webui-859787c7c7-nppvr,68.25894959464222
1614835603,cpu,teastore-webui,teastore-webui-859787c7c7-nppvr,68.25894959464222
1614835613,cpu,teastore-webui,teastore-webui-859787c7c7-nppvr,66.37205080290516
1614835623,cpu,teastore-webui,teastore-webui-859787c7c7-nppvr,55.481664500000015
1614835633,cpu,teastore-webui,teastore-webui-859787c7c7-nppvr,69.05569521099764
1614835643,cpu,teastore-webui,teastore-webui-859787c7c7-nppvr,69.05569521099764
1614835463,cpu,teastore-webui,teastore-webui-859787c7c7-r24s9,18.50865807978977
1614835473,cpu,teastore-webui,teastore-webui-859787c7c7-r24s9,20.09090570793802
1614835483,cpu,teastore-webui,teastore-webui-859787c7c7-r24s9,22.92334508058458
1614835493,cpu,teastore-webui,teastore-webui-859787c7c7-r24s9,24.60430885975083
1614835503,cpu,teastore-webui,teastore-webui-859787c7c7-r24s9,34.03483559885621
1614835513,cpu,teastore-webui,teastore-webui-859787c7c7-r24s9,36.03704284286493
1614835523,cpu,teastore-webui,teastore-webui-859787c7c7-r24s9,38.03925008687364
1614835533,cpu,teastore-webui,teastore-webui-859787c7c7-r24s9,36.27001967777778
1614835543,cpu,teastore-webui,teastore-webui-859787c7c7-r24s9,47.146347388746904
1614835553,cpu,teastore-webui,teastore-webui-859787c7c7-r24s9,49.42842052208877
1614835563,cpu,teastore-webui,teastore-webui-859787c7c7-r24s9,51.71049365543065
1614835573,cpu,teastore-webui,teastore-webui-859787c7c7-r24s9,56.89703288226453
1614835583,cpu,teastore-webui,teastore-webui-859787c7c7-r24s9,59.31589878208305
1614835593,cpu,teastore-webui,teastore-webui-859787c7c7-r24s9,61.73476468190158
1614835603,cpu,teastore-webui,teastore-webui-859787c7c7-r24s9,67.0944248160022
1614835613,cpu,teastore-webui,teastore-webui-859787c7c7-r24s9,69.63464765788562
1614835623,cpu,teastore-webui,teastore-webui-859787c7c7-r24s9,72.17487049976906
1614835633,cpu,teastore-webui,teastore-webui-859787c7c7-r24s9,77.3041831641743
1614835643,cpu,teastore-webui,teastore-webui-859787c7c7-r24s9,79.05888059134624
1614835463,cpu,teastore-webui,teastore-webui-859787c7c7-t4pr8,67.46890841521326
1614835473,cpu,teastore-webui,teastore-webui-859787c7c7-t4pr8,67.46890841521326
1614835483,cpu,teastore-webui,teastore-webui-859787c7c7-t4pr8,62.962035278253026
1614835493,cpu,teastore-webui,teastore-webui-859787c7c7-t4pr8,62.962035278253026
1614835503,cpu,teastore-webui,teastore-webui-859787c7c7-t4pr8,58.333360116814035
1614835513,cpu,teastore-webui,teastore-webui-859787c7c7-t4pr8,53.93414976360452
1614835523,cpu,teastore-webui,teastore-webui-859787c7c7-t4pr8,64.0889437431603
1614835533,cpu,teastore-webui,teastore-webui-859787c7c7-t4pr8,54.27318303743029
1614835543,cpu,teastore-webui,teastore-webui-859787c7c7-t4pr8,58.341245134072786
1614835553,cpu,teastore-webui,teastore-webui-859787c7c7-t4pr8,62.658479132727976
1614835563,cpu,teastore-webui,teastore-webui-859787c7c7-t4pr8,62.658479132727976
1614835573,cpu,teastore-webui,teastore-webui-859787c7c7-t4pr8,61.08071017493643
1614835583,cpu,teastore-webui,teastore-webui-859787c7c7-t4pr8,61.08071017493643
1614835593,cpu,teastore-webui,teastore-webui-859787c7c7-t4pr8,61.08071017493643
1614835603,cpu,teastore-webui,teastore-webui-859787c7c7-t4pr8,64.53232502431261
1614835613,cpu,teastore-webui,teastore-webui-859787c7c7-t4pr8,60.65593498749763
1614835623,cpu,teastore-webui,teastore-webui-859787c7c7-t4pr8,60.65593498749763
1614835633,cpu,teastore-webui,teastore-webui-859787c7c7-t4pr8,64.88667382863002
1614835643,cpu,teastore-webui,teastore-webui-859787c7c7-t4pr8,64.09607318194357
1614835463,memory,,teastore-webui-859787c7c7-nppvr,79.59
1614835473,memory,,teastore-webui-859787c7c7-nppvr,79.59
1614835483,memory,,teastore-webui-859787c7c7-nppvr,79.59
1614835493,memory,,teastore-webui-859787c7c7-nppvr,79.59
1614835503,memory,,teastore-webui-859787c7c7-nppvr,79.59
1614835513,memory,,teastore-webui-859787c7c7-nppvr,79.59
1614835523,memory,,teastore-webui-859787c7c7-nppvr,79.59
1614835533,memory,,teastore-webui-859787c7c7-nppvr,79.59
1614835543,memory,,teastore-webui-859787c7c7-nppvr,79.59
1614835553,memory,,teastore-webui-859787c7c7-nppvr,79.59
1614835563,memory,,teastore-webui-859787c7c7-nppvr,79.59
1614835573,memory,,teastore-webui-859787c7c7-nppvr,79.59
1614835583,memory,,teastore-webui-859787c7c7-nppvr,79.59
1614835593,memory,,teastore-webui-859787c7c7-nppvr,79.59
1614835603,memory,,teastore-webui-859787c7c7-nppvr,79.59
1614835613,memory,,teastore-webui-859787c7c7-nppvr,79.59
1614835623,memory,,teastore-webui-859787c7c7-nppvr,79.59
1614835633,memory,,teastore-webui-859787c7c7-nppvr,79.93
1614835643,memory,,teastore-webui-859787c7c7-nppvr,79.93
1614835463,memory,,teastore-webui-859787c7c7-r24s9,32.43
1614835473,memory,,teastore-webui-859787c7c7-r24s9,32.43
1614835483,memory,,teastore-webui-859787c7c7-r24s9,45.75
1614835493,memory,,teastore-webui-859787c7c7-r24s9,45.75
1614835503,memory,,teastore-webui-859787c7c7-r24s9,47.43
1614835513,memory,,teastore-webui-859787c7c7-r24s9,50.38
1614835523,memory,,teastore-webui-859787c7c7-r24s9,50.38
1614835533,memory,,teastore-webui-859787c7c7-r24s9,50.38
1614835543,memory,,teastore-webui-859787c7c7-r24s9,62.43
1614835553,memory,,teastore-webui-859787c7c7-r24s9,62.43
1614835563,memory,,teastore-webui-859787c7c7-r24s9,62.43
1614835573,memory,,teastore-webui-859787c7c7-r24s9,71.16
1614835583,memory,,teastore-webui-859787c7c7-r24s9,71.16
1614835593,memory,,teastore-webui-859787c7c7-r24s9,71.16
1614835603,memory,,teastore-webui-859787c7c7-r24s9,71.16
1614835613,memory,,teastore-webui-859787c7c7-r24s9,74.58
1614835623,memory,,teastore-webui-859787c7c7-r24s9,74.58
1614835633,memory,,teastore-webui-859787c7c7-r24s9,78.51
1614835643,memory,,teastore-webui-859787c7c7-r24s9,78.51
1614835463,memory,,teastore-webui-859787c7c7-t4pr8,89.22
1614835473,memory,,teastore-webui-859787c7c7-t4pr8,89.22
1614835483,memory,,teastore-webui-859787c7c7-t4pr8,89.22
1614835493,memory,,teastore-webui-859787c7c7-t4pr8,89.22
1614835503,memory,,teastore-webui-859787c7c7-t4pr8,89.22
1614835513,memory,,teastore-webui-859787c7c7-t4pr8,89.22
1614835523,memory,,teastore-webui-859787c7c7-t4pr8,89.22
1614835533,memory,,teastore-webui-859787c7c7-t4pr8,89.22
1614835543,memory,,teastore-webui-859787c7c7-t4pr8,89.22
1614835553,memory,,teastore-webui-859787c7c7-t4pr8,89.22
1614835563,memory,,teastore-webui-859787c7c7-t4pr8,89.22
1614835573,memory,,teastore-webui-859787c7c7-t4pr8,89.22
1614835583,memory,,teastore-webui-859787c7c7-t4pr8,89.22
1614835593,memory,,teastore-webui-859787c7c7-t4pr8,89.22
1614835603,memory,,teastore-webui-859787c7c7-t4pr8,89.22
1614835613,memory,,teastore-webui-859787c7c7-t4pr8,89.22
1614835623,memory,,teastore-webui-859787c7c7-t4pr8,89.22
1614835633,memory,,teastore-webui-859787c7c7-t4pr8,89.22
1614835643,memory,,teastore-webui-859787c7c7-t4pr8,89.22
