timestamp,metric,container,pod,value
1615463919,cpu,teastore-webui,teastore-webui-7dc794d5d6-45v27,63.76815950905495
1615463929,cpu,teastore-webui,teastore-webui-7dc794d5d6-45v27,63.76815950905495
1615463939,cpu,teastore-webui,teastore-webui-7dc794d5d6-45v27,63.84074239859366
1615463949,cpu,teastore-webui,teastore-webui-7dc794d5d6-45v27,65.68010448957176
1615463959,cpu,teastore-webui,teastore-webui-7dc794d5d6-45v27,65.68010448957176
1615463969,cpu,teastore-webui,teastore-webui-7dc794d5d6-45v27,69.78097429387496
1615463979,cpu,teastore-webui,teastore-webui-7dc794d5d6-45v27,73.17694040112751
1615463989,cpu,teastore-webui,teastore-webui-7dc794d5d6-45v27,73.17694040112751
1615463999,cpu,teastore-webui,teastore-webui-7dc794d5d6-45v27,73.17694040112751
1615464009,cpu,teastore-webui,teastore-webui-7dc794d5d6-45v27,75.31578001416135
1615464019,cpu,teastore-webui,teastore-webui-7dc794d5d6-45v27,75.31578001416135
1615464029,cpu,teastore-webui,teastore-webui-7dc794d5d6-45v27,71.91167783241477
1615464039,cpu,teastore-webui,teastore-webui-7dc794d5d6-45v27,66.67518930545471
1615463919,cpu,teastore-webui,teastore-webui-7dc794d5d6-mtrhl,13.467158096033394
1615463929,cpu,teastore-webui,teastore-webui-7dc794d5d6-mtrhl,15.048738612302731
1615463939,cpu,teastore-webui,teastore-webui-7dc794d5d6-mtrhl,19.4505554421941
1615463949,cpu,teastore-webui,teastore-webui-7dc794d5d6-mtrhl,21.30406020769615
1615463959,cpu,teastore-webui,teastore-webui-7dc794d5d6-mtrhl,23.157564973198195
1615463969,cpu,teastore-webui,teastore-webui-7dc794d5d6-mtrhl,32.50426254412792
1615463979,cpu,teastore-webui,teastore-webui-7dc794d5d6-mtrhl,34.70827201013873
1615463989,cpu,teastore-webui,teastore-webui-7dc794d5d6-mtrhl,36.912281476149545
1615463999,cpu,teastore-webui,teastore-webui-7dc794d5d6-mtrhl,34.75441845833333
1615464009,cpu,teastore-webui,teastore-webui-7dc794d5d6-mtrhl,46.01662066573539
1615464019,cpu,teastore-webui,teastore-webui-7dc794d5d6-mtrhl,48.51372698925594
1615464029,cpu,teastore-webui,teastore-webui-7dc794d5d6-mtrhl,51.01083331277649
1615464039,cpu,teastore-webui,teastore-webui-7dc794d5d6-mtrhl,53.50793963629704
1615463919,cpu,teastore-webui,teastore-webui-7dc794d5d6-wsqw6,53.36289642297268
1615463929,cpu,teastore-webui,teastore-webui-7dc794d5d6-wsqw6,53.36289642297268
1615463939,cpu,teastore-webui,teastore-webui-7dc794d5d6-wsqw6,53.36289642297268
1615463949,cpu,teastore-webui,teastore-webui-7dc794d5d6-wsqw6,58.79269742639921
1615463959,cpu,teastore-webui,teastore-webui-7dc794d5d6-wsqw6,58.79269742639921
1615463969,cpu,teastore-webui,teastore-webui-7dc794d5d6-wsqw6,61.55072180534944
1615463979,cpu,teastore-webui,teastore-webui-7dc794d5d6-wsqw6,66.62017617320754
1615463989,cpu,teastore-webui,teastore-webui-7dc794d5d6-wsqw6,66.62017617320754
1615463999,cpu,teastore-webui,teastore-webui-7dc794d5d6-wsqw6,61.81925486263366
1615464009,cpu,teastore-webui,teastore-webui-7dc794d5d6-wsqw6,68.70244320665691
1615464019,cpu,teastore-webui,teastore-webui-7dc794d5d6-wsqw6,68.70244320665691
1615464029,cpu,teastore-webui,teastore-webui-7dc794d5d6-wsqw6,68.70244320665691
1615464039,cpu,teastore-webui,teastore-webui-7dc794d5d6-wsqw6,61.44045408572395
1615463919,memory,,teastore-webui-7dc794d5d6-45v27,51
1615463929,memory,,teastore-webui-7dc794d5d6-45v27,51
1615463939,memory,,teastore-webui-7dc794d5d6-45v27,51
1615463949,memory,,teastore-webui-7dc794d5d6-45v27,51
1615463959,memory,,teastore-webui-7dc794d5d6-45v27,51
1615463969,memory,,teastore-webui-7dc794d5d6-45v27,51
1615463979,memory,,teastore-webui-7dc794d5d6-45v27,51.01
1615463989,memory,,teastore-webui-7dc794d5d6-45v27,51.01
1615463999,memory,,teastore-webui-7dc794d5d6-45v27,51.01
1615464009,memory,,teastore-webui-7dc794d5d6-45v27,51.42
1615464019,memory,,teastore-webui-7dc794d5d6-45v27,51.42
1615464029,memory,,teastore-webui-7dc794d5d6-45v27,51.42
1615464039,memory,,teastore-webui-7dc794d5d6-45v27,51.42
1615463919,memory,,teastore-webui-7dc794d5d6-mtrhl,25.63
1615463929,memory,,teastore-webui-7dc794d5d6-mtrhl,25.63
1615463939,memory,,teastore-webui-7dc794d5d6-mtrhl,35.51
1615463949,memory,,teastore-webui-7dc794d5d6-mtrhl,37.21
1615463959,memory,,teastore-webui-7dc794d5d6-mtrhl,37.21
1615463969,memory,,teastore-webui-7dc794d5d6-mtrhl,39.89
1615463979,memory,,teastore-webui-7dc794d5d6-mtrhl,42.42
1615463989,memory,,teastore-webui-7dc794d5d6-mtrhl,42.42
1615463999,memory,,teastore-webui-7dc794d5d6-mtrhl,42.42
1615464009,memory,,teastore-webui-7dc794d5d6-mtrhl,45.82
1615464019,memory,,teastore-webui-7dc794d5d6-mtrhl,45.82
1615464029,memory,,teastore-webui-7dc794d5d6-mtrhl,45.82
1615464039,memory,,teastore-webui-7dc794d5d6-mtrhl,45.82
1615463919,memory,,teastore-webui-7dc794d5d6-wsqw6,60.11
1615463929,memory,,teastore-webui-7dc794d5d6-wsqw6,60.11
1615463939,memory,,teastore-webui-7dc794d5d6-wsqw6,60.11
1615463949,memory,,teastore-webui-7dc794d5d6-wsqw6,60.11
1615463959,memory,,teastore-webui-7dc794d5d6-wsqw6,60.11
1615463969,memory,,teastore-webui-7dc794d5d6-wsqw6,60.11
1615463979,memory,,teastore-webui-7dc794d5d6-wsqw6,61.8
1615463989,memory,,teastore-webui-7dc794d5d6-wsqw6,61.8
1615463999,memory,,teastore-webui-7dc794d5d6-wsqw6,61.8
1615464009,memory,,teastore-webui-7dc794d5d6-wsqw6,61.8
1615464019,memory,,teastore-webui-7dc794d5d6-wsqw6,61.8
1615464029,memory,,teastore-webui-7dc794d5d6-wsqw6,61.8
1615464039,memory,,teastore-webui-7dc794d5d6-wsqw6,61.8
