timestamp,metric,container,pod,value
1615475941,cpu,teastore-webui,teastore-webui-7699bb648b-4xkzz,26.36532455966023
1615475951,cpu,teastore-webui,teastore-webui-7699bb648b-4xkzz,26.576033578251284
1615475961,cpu,teastore-webui,teastore-webui-7699bb648b-4xkzz,26.576033578251284
1615475971,cpu,teastore-webui,teastore-webui-7699bb648b-4xkzz,26.576033578251284
1615475981,cpu,teastore-webui,teastore-webui-7699bb648b-4xkzz,32.335530827904314
1615475991,cpu,teastore-webui,teastore-webui-7699bb648b-4xkzz,32.335530827904314
1615476001,cpu,teastore-webui,teastore-webui-7699bb648b-4xkzz,33.2404279835952
1615476011,cpu,teastore-webui,teastore-webui-7699bb648b-4xkzz,35.48572302821675
1615476021,cpu,teastore-webui,teastore-webui-7699bb648b-4xkzz,35.48572302821675
1615476031,cpu,teastore-webui,teastore-webui-7699bb648b-4xkzz,35.64206754934411
1615476041,cpu,teastore-webui,teastore-webui-7699bb648b-4xkzz,33.184023299795726
1615476051,cpu,teastore-webui,teastore-webui-7699bb648b-4xkzz,33.184023299795726
1615476061,cpu,teastore-webui,teastore-webui-7699bb648b-4xkzz,33.184023299795726
1615475941,cpu,teastore-webui,teastore-webui-7699bb648b-765rm,50.91417680057687
1615475951,cpu,teastore-webui,teastore-webui-7699bb648b-765rm,46.63172783019902
1615475961,cpu,teastore-webui,teastore-webui-7699bb648b-765rm,46.63172783019902
1615475971,cpu,teastore-webui,teastore-webui-7699bb648b-765rm,50.6990269984381
1615475981,cpu,teastore-webui,teastore-webui-7699bb648b-765rm,52.12227799003444
1615475991,cpu,teastore-webui,teastore-webui-7699bb648b-765rm,52.12227799003444
1615476001,cpu,teastore-webui,teastore-webui-7699bb648b-765rm,52.12227799003444
1615476011,cpu,teastore-webui,teastore-webui-7699bb648b-765rm,57.15117325210093
1615476021,cpu,teastore-webui,teastore-webui-7699bb648b-765rm,57.15117325210093
1615476031,cpu,teastore-webui,teastore-webui-7699bb648b-765rm,46.884322640950955
1615476041,cpu,teastore-webui,teastore-webui-7699bb648b-765rm,51.18612288143497
1615476051,cpu,teastore-webui,teastore-webui-7699bb648b-765rm,51.18612288143497
1615476061,cpu,teastore-webui,teastore-webui-7699bb648b-765rm,51.18612288143497
1615475941,cpu,teastore-webui,teastore-webui-7699bb648b-lvg66,11.456956054137443
1615475951,cpu,teastore-webui,teastore-webui-7699bb648b-lvg66,12.773246577715899
1615475961,cpu,teastore-webui,teastore-webui-7699bb648b-lvg66,14.089537101294358
1615475971,cpu,teastore-webui,teastore-webui-7699bb648b-lvg66,20.106000022396113
1615475981,cpu,teastore-webui,teastore-webui-7699bb648b-lvg66,21.824737022344404
1615475991,cpu,teastore-webui,teastore-webui-7699bb648b-lvg66,23.5434740222927
1615476001,cpu,teastore-webui,teastore-webui-7699bb648b-lvg66,25.262211022240994
1615476011,cpu,teastore-webui,teastore-webui-7699bb648b-lvg66,32.55372431010504
1615476021,cpu,teastore-webui,teastore-webui-7699bb648b-lvg66,34.62789062875451
1615476031,cpu,teastore-webui,teastore-webui-7699bb648b-lvg66,36.702056947403975
1615476041,cpu,teastore-webui,teastore-webui-7699bb648b-lvg66,42.62341886511457
1615476051,cpu,teastore-webui,teastore-webui-7699bb648b-lvg66,44.90354886485303
1615476061,cpu,teastore-webui,teastore-webui-7699bb648b-lvg66,47.18367886459148
1615475941,cpu,teastore-webui,teastore-webui-7699bb648b-mmw7t,50.78676688150197
1615475951,cpu,teastore-webui,teastore-webui-7699bb648b-mmw7t,50.027887180034625
1615475961,cpu,teastore-webui,teastore-webui-7699bb648b-mmw7t,50.027887180034625
1615475971,cpu,teastore-webui,teastore-webui-7699bb648b-mmw7t,53.79682011555425
1615475981,cpu,teastore-webui,teastore-webui-7699bb648b-mmw7t,57.159556897380426
1615475991,cpu,teastore-webui,teastore-webui-7699bb648b-mmw7t,57.159556897380426
1615476001,cpu,teastore-webui,teastore-webui-7699bb648b-mmw7t,57.159556897380426
1615476011,cpu,teastore-webui,teastore-webui-7699bb648b-mmw7t,66.16803780254126
1615476021,cpu,teastore-webui,teastore-webui-7699bb648b-mmw7t,66.16803780254126
1615476031,cpu,teastore-webui,teastore-webui-7699bb648b-mmw7t,66.16803780254126
1615476041,cpu,teastore-webui,teastore-webui-7699bb648b-mmw7t,64.25901054172878
1615476051,cpu,teastore-webui,teastore-webui-7699bb648b-mmw7t,64.25901054172878
1615476061,cpu,teastore-webui,teastore-webui-7699bb648b-mmw7t,64.25901054172878
1615475941,cpu,teastore-webui,teastore-webui-7699bb648b-mxwwf,34.551141205490794
1615475951,cpu,teastore-webui,teastore-webui-7699bb648b-mxwwf,33.661585848750406
1615475961,cpu,teastore-webui,teastore-webui-7699bb648b-mxwwf,33.661585848750406
1615475971,cpu,teastore-webui,teastore-webui-7699bb648b-mxwwf,36.58308926161269
1615475981,cpu,teastore-webui,teastore-webui-7699bb648b-mxwwf,36.58308926161269
1615475991,cpu,teastore-webui,teastore-webui-7699bb648b-mxwwf,36.58308926161269
1615476001,cpu,teastore-webui,teastore-webui-7699bb648b-mxwwf,40.12634021534148
1615476011,cpu,teastore-webui,teastore-webui-7699bb648b-mxwwf,40.12634021534148
1615476021,cpu,teastore-webui,teastore-webui-7699bb648b-mxwwf,40.12634021534148
1615476031,cpu,teastore-webui,teastore-webui-7699bb648b-mxwwf,40.30847365194642
1615476041,cpu,teastore-webui,teastore-webui-7699bb648b-mxwwf,36.19159500390202
1615476051,cpu,teastore-webui,teastore-webui-7699bb648b-mxwwf,36.19159500390202
1615476061,cpu,teastore-webui,teastore-webui-7699bb648b-mxwwf,36.19159500390202
1615475941,memory,,teastore-webui-7699bb648b-4xkzz,51.86
1615475951,memory,,teastore-webui-7699bb648b-4xkzz,51.85
1615475961,memory,,teastore-webui-7699bb648b-4xkzz,51.85
1615475971,memory,,teastore-webui-7699bb648b-4xkzz,51.85
1615475981,memory,,teastore-webui-7699bb648b-4xkzz,51.77
1615475991,memory,,teastore-webui-7699bb648b-4xkzz,51.65
1615476001,memory,,teastore-webui-7699bb648b-4xkzz,51.65
1615476011,memory,,teastore-webui-7699bb648b-4xkzz,51.65
1615476021,memory,,teastore-webui-7699bb648b-4xkzz,51.65
1615476031,memory,,teastore-webui-7699bb648b-4xkzz,51.65
1615476041,memory,,teastore-webui-7699bb648b-4xkzz,51.65
1615476051,memory,,teastore-webui-7699bb648b-4xkzz,51.65
1615476061,memory,,teastore-webui-7699bb648b-4xkzz,51.65
1615475941,memory,,teastore-webui-7699bb648b-765rm,45.27
1615475951,memory,,teastore-webui-7699bb648b-765rm,45.27
1615475961,memory,,teastore-webui-7699bb648b-765rm,45.27
1615475971,memory,,teastore-webui-7699bb648b-765rm,45.27
1615475981,memory,,teastore-webui-7699bb648b-765rm,45.27
1615475991,memory,,teastore-webui-7699bb648b-765rm,45.27
1615476001,memory,,teastore-webui-7699bb648b-765rm,45.27
1615476011,memory,,teastore-webui-7699bb648b-765rm,45.27
1615476021,memory,,teastore-webui-7699bb648b-765rm,45.27
1615476031,memory,,teastore-webui-7699bb648b-765rm,45.27
1615476041,memory,,teastore-webui-7699bb648b-765rm,45.27
1615476051,memory,,teastore-webui-7699bb648b-765rm,45.27
1615476061,memory,,teastore-webui-7699bb648b-765rm,45.27
1615475941,memory,,teastore-webui-7699bb648b-lvg66,21.89
1615475951,memory,,teastore-webui-7699bb648b-lvg66,22.76
1615475961,memory,,teastore-webui-7699bb648b-lvg66,22.76
1615475971,memory,,teastore-webui-7699bb648b-lvg66,31.12
1615475981,memory,,teastore-webui-7699bb648b-lvg66,32.74
1615475991,memory,,teastore-webui-7699bb648b-lvg66,32.74
1615476001,memory,,teastore-webui-7699bb648b-lvg66,35.57
1615476011,memory,,teastore-webui-7699bb648b-lvg66,35.57
1615476021,memory,,teastore-webui-7699bb648b-lvg66,35.57
1615476031,memory,,teastore-webui-7699bb648b-lvg66,38.74
1615476041,memory,,teastore-webui-7699bb648b-lvg66,38.74
1615476051,memory,,teastore-webui-7699bb648b-lvg66,38.74
1615476061,memory,,teastore-webui-7699bb648b-lvg66,38.74
1615475941,memory,,teastore-webui-7699bb648b-mmw7t,41.12
1615475951,memory,,teastore-webui-7699bb648b-mmw7t,41.12
1615475961,memory,,teastore-webui-7699bb648b-mmw7t,41.12
1615475971,memory,,teastore-webui-7699bb648b-mmw7t,41.38
1615475981,memory,,teastore-webui-7699bb648b-mmw7t,41.38
1615475991,memory,,teastore-webui-7699bb648b-mmw7t,41.38
1615476001,memory,,teastore-webui-7699bb648b-mmw7t,41.72
1615476011,memory,,teastore-webui-7699bb648b-mmw7t,41.72
1615476021,memory,,teastore-webui-7699bb648b-mmw7t,41.72
1615476031,memory,,teastore-webui-7699bb648b-mmw7t,41.72
1615476041,memory,,teastore-webui-7699bb648b-mmw7t,41.96
1615476051,memory,,teastore-webui-7699bb648b-mmw7t,41.96
1615476061,memory,,teastore-webui-7699bb648b-mmw7t,41.96
1615475941,memory,,teastore-webui-7699bb648b-mxwwf,48.09
1615475951,memory,,teastore-webui-7699bb648b-mxwwf,48.09
1615475961,memory,,teastore-webui-7699bb648b-mxwwf,48.09
1615475971,memory,,teastore-webui-7699bb648b-mxwwf,48.09
1615475981,memory,,teastore-webui-7699bb648b-mxwwf,48.09
1615475991,memory,,teastore-webui-7699bb648b-mxwwf,48.09
1615476001,memory,,teastore-webui-7699bb648b-mxwwf,48.09
1615476011,memory,,teastore-webui-7699bb648b-mxwwf,48.09
1615476021,memory,,teastore-webui-7699bb648b-mxwwf,48.09
1615476031,memory,,teastore-webui-7699bb648b-mxwwf,48.09
1615476041,memory,,teastore-webui-7699bb648b-mxwwf,48.09
1615476051,memory,,teastore-webui-7699bb648b-mxwwf,48.09
1615476061,memory,,teastore-webui-7699bb648b-mxwwf,48.09
